<?xml version="1.0" encoding="UTF-8"?>
<modification
    xmlns="https://github.com/vqmod/vqmod"
    xmlns:xsi="http://www.w3.org/2001/XMLSchema-instance"
    xsi:schemaLocation="https://github.com/vqmod/vqmod https://raw.githubusercontent.com/vqmod/vqmod/master/vqmod.xsd"
>
    <id>Admin Duplicate Items In Catalog Widget</id>
    <version>1.1</version>
    <vqmver>2.X</vqmver>
    <author>Skipper Hosting</author>
    
    <file name="admin/catalog.app/edit_product.inc.php">
        <operation info="add duplicate item link" error="skip">
            <search position="after"><![CDATA[
    $product = new ent_product($_GET['product_id']);
            ]]></search>
            <add><![CDATA[
  } elseif (!empty($_GET['clone_id'])) {
    $product = new ent_product($_GET['clone_id']);
    unset($_GET['clone_id']); //cleanup
    $product->data['id'] = null;
    $product->data['image'] = null;
    $product->data['images'] = null;
            ]]></add>
        </operation>
    </file>

    <file name="admin/catalog.app/catalog.inc.php">
        <operation info="add duplicate button to catalog" error="skip">
            <search position="replace"><![CDATA[
        . '  <td class="text-right"><a href="'. document::href_link('', array('app' => $_GET['app'], 'doc' => 'edit_product', 'category_id' => $category_id, 'product_id' => $product['id'])) .'" title="'. language::translate('title_edit', 'Edit') .'">'. functions::draw_fonticon('fa-pencil').'</a></td>' . PHP_EOL
            ]]></search>
            <add><![CDATA[
        . '  <td class="text-right"><a href="'. document::href_link('', array('app' => $_GET['app'], 'doc' => 'edit_product', 'category_id' => $category_id, 'clone_id' => $product['id'])) .'" title="'. language::translate('title_duplicate', 'Duplicate') .'">'. functions::draw_fonticon('fa-copy').'</a>&nbsp;&nbsp;&nbsp;&nbsp;&nbsp;&nbsp;<a href="'. document::href_link('', array('app' => $_GET['app'], 'doc' => 'edit_product', 'category_id' => $category_id, 'product_id' => $product['id'])) .'" title="'. language::translate('title_edit', 'Edit') .'">'. functions::draw_fonticon('fa-pencil').'</a></td>' . PHP_EOL
            ]]></add>
        </operation>
    </file>
</modification>
