<?xml version="1.0" encoding="UTF-8"?>
<modification>
	<id>Buttons Product Listing Col Row</id>
	<version>1.0</version>
	<vqmver required="true">2.4.0</vqmver>
	<author>ittoysline</author>


	
  <file name="includes/templates/*.catalog/views/listing_product_column.inc.php">
    <operation error="log">
      <search position="after" offset="7"><![CDATA[
          <div class="price-wrapper">
      ]]></search>
      <add><![CDATA[
    <?php if (reference::product($product_id)->date_valid_from > date('Y-m-d H:i:s') && reference::product($product_id)->backorder) { ?>
	
    <div class="buy-now-wrapper">
      <?php if (!empty(reference::product($product_id)->options)) { ?>
      <a class="add-cart-item btn btn-default btn-block" style="display:none;" href="<?php echo document::href_ilink('product', array('product_id' => $product_id)); ?>">
	  <b><i><?php echo functions::draw_fonticon('fa-list-ul'); ?> <?php echo language::translate('title_options_closed', 'Options Closed'); ?></i></b></a>
	  
	  <?php } else if (!empty($campaign_price && ($quantity > 0 || !empty($product->sold_out_status['orderable'])))) { ?>
      <button class="btn btn-success btn-block" name="add_cart_product" style="display: none;" value="true" type="submit">
	  <span style="color: #f6cd0f;"><?php echo functions::draw_fonticon('fa-shopping-cart'); ?>
	  <b><i><?php echo language::translate('title_insane_deal_!!', 'Insane Deal !!'); ?></i></b></button> 	  

	  <?php } else if (reference::product($product_id)->quantity <= 0 || reference::product($product_id)->sold_out_status['orderable']) { ?>
      <button class="sold_out" disabled="disabled" name="add_cart_product" style="background-image:url('/images/customize/Dark Red.jpg');" value="true" type="submit">
	  <span style="color: #000000;"><?php echo functions::draw_fonticon('fa-shopping-cart'); ?>
	  <b><i> <?php echo language::translate('title_sold_out', 'Sold Out'); ?></i></b></button>
	  
      <?php } else { ?>
      <?php echo functions::form_draw_form_begin('buy_now_form', 'post', document::href_ilink('checkout')); ?>
      <?php echo functions::form_draw_hidden_field('product_id', $product_id); ?>
	
      <button class="btn btn-success btn-block" type="submit" name="add_cart_product" style="background-image:url('/images/customize/Orange.jpg');" value="true">
	  <span style="color: #000000;"><?php echo functions::draw_fonticon('fa-shopping-cart'); ?> 
	  <b><i><?php echo language::translate('title_backorder', 'Backorder'); ?></i></b></button>
      <?php echo functions::form_draw_form_end('buy_now_form'); ?>
    <?php } ?>
    </div>
    <?php } ?>
      ]]></add>
    </operation>
    
     <operation error="log">
      <search position="after" offset="7"><![CDATA[
          <div class="price-wrapper">
      ]]></search>
      <add><![CDATA[
    
	<?php if (reference::product($product_id)->date_valid_from < date('Y-m-d H:i:s') && reference::product($product_id)->backorder) { ?>
	
    <div class="buy-now-wrapper">
      <?php if (!empty(reference::product($product_id)->options)) { ?>
      <a class="add-cart-item btn btn-default btn-block" style="display: none;" href="<?php echo document::href_ilink('product', array('product_id' => $product_id)); ?>">
	  <?php echo functions::draw_fonticon('fa-list-ul'); ?> <?php echo language::translate('title_view_options', 'View Options'); ?></a>

	  <?php } else if (!empty($campaign_price && ($quantity > 0 || !empty($product->sold_out_status['orderable'])))) { ?>
      <button class="btn btn-success btn-block" name="add_cart_product" style="display: none;" value="true" type="submit">
	  <span style="color: #f6cd0f;"><?php echo functions::draw_fonticon('fa-shopping-cart'); ?>
	  <b><i><?php echo language::translate('title_insane_deal_!!', 'Insane Deal !!'); ?></i></b></button>
	   
      <?php } else if (!empty($campaign_price && ($quantity <= 0 || !empty($product->sold_out_status['orderable'])))) { ?>
      <button class="sold_out" disabled="disabled" name="add_cart_product" style="background-image:url('/images/customize/Dark Red.jpg');" value="true" type="submit">
	  <span style="color: #000000;"><?php echo functions::draw_fonticon('fa-shopping-cart'); ?>
	  <b><i> <?php echo language::translate('title_sold_out', 'Sold Out'); ?></i></b></button>	   

	  <?php } else if (reference::product($product_id)->quantity <= 0 || reference::product($product_id)->sold_out_status['orderable']) { ?>
      <button class="btn btn-success btn-block" name="add_cart_product" style="display: none;" value="true" type="submit">
	  <span style="color: #000000;"><?php echo functions::draw_fonticon('fa-shopping-cart'); ?>
	  <b><i> <?php echo language::translate('title_sold_out', 'Sold Out'); ?></i></b></button>

      <?php } else { ?>
      <?php echo functions::form_draw_form_begin('buy_now_form', 'post', document::href_ilink('checkout')); ?>
      <?php echo functions::form_draw_hidden_field('product_id', $product_id); ?>
		
      <button class="btn btn-success btn-block" disabled="disabled" name="add_cart_product" style="background-image:url('/images/customize/Gray.jpg');" value="true">
	  <b><i><span style="color: #fcbd35;"><?php echo functions::draw_fonticon('fa-shopping-cart'); ?>
	  <?php echo language::translate('title_order_closed', 'Order Closed'); ?></i></b></button>
      <?php echo functions::form_draw_form_end('buy_now_form'); ?>
     <?php } ?>
     </div>
     <?php } ?>
      ]]></add>
    </operation>  

    <operation error="log">
      <search position="after" offset="7"><![CDATA[
          <div class="price-wrapper">
      ]]></search>
      <add><![CDATA[
	<?php if (reference::product($product_id)->date_valid_from > date('Y-m-d H:i:s') && reference::product($product_id)->preorderable) { ?>
	
    <div class="buy-now-wrapper">
      <?php if (!empty(reference::product($product_id)->options)) { ?>
      <a class="add-cart-item btn btn-default btn-block" style="display:none;" href="<?php echo document::href_ilink('product', array('product_id' => $product_id)); ?>">
	  <?php echo functions::draw_fonticon('fa-list-ul'); ?> <?php echo language::translate('title_view_options', 'View Options'); ?></a>

	  <?php } else if (reference::product($product_id)->quantity <= 0 || reference::product($product_id)->sold_out_status['orderable']) { ?>
      <button class="sold_out" disabled="disabled" name="add_cart_product" style="background-image:url('/images/customize/Dark Red.jpg');" value="true" type="submit">
	  <span style="color: #000000;"><?php echo functions::draw_fonticon('fa-shopping-cart'); ?>
	  <b><i> <?php echo language::translate('title_sold_out', 'Sold Out'); ?></i></b></button>   
	  
	  <?php } else if (reference::product($product_id)->date_valid_to <= date('Y-m-d H:i:s') && reference::product($product_id)->prebackorder) { ?>
	  <button class="btn btn-success btn-block" name="add_cart_product" style="background-image:url('/images/customize/Purple Blue.jpg');" value="true" type="submit">
	  <span style="color: #ffffff;"><?php echo functions::draw_fonticon('fa-shopping-cart'); ?>
      <b><i><?php echo language::translate('title_pre_-_backorder', 'Pre-Backorder'); ?></i></b></button>
      
      <?php } else { ?>
      <?php echo functions::form_draw_form_begin('buy_now_form', 'post', document::href_ilink('checkout')); ?>
      <?php echo functions::form_draw_hidden_field('product_id', $product_id); ?>
		
      <button class="btn btn-success btn-block" 
      name="add_cart_product" style="background-image:url('/images/customize/Blue.jpg');" value="true" type="submit" 
      <?php echo !empty(customer::$data['id']) || (empty(reference::product($product_id)->signin)) ? '':'disabled="disabled"' ?>>
	  <span style="color: #fcbd35;"><?php echo functions::draw_fonticon('fa-shopping-cart'); ?>
	  <b><i><?php echo language::translate('title_preorder', 'Pre-Order'); ?></i></b></button>
      <?php echo functions::form_draw_form_end('buy_now_form'); ?>
    <?php } ?>
    </div>
    <?php } ?>
      ]]></add>
    </operation>
    
     <operation error="log">
      <search position="after" offset="7"><![CDATA[
          <div class="price-wrapper">
      ]]></search>
      <add><![CDATA[
    
	<?php if (reference::product($product_id)->date_valid_from <= date('Y-m-d H:i:s') && reference::product($product_id)->preorderable) { ?>
	
    <div class="buy-now-wrapper">
      <?php if (!empty(reference::product($product_id)->options)) { ?>
      <a class="add-cart-item btn btn-default btn-block" style="background-image:url('/images/customize/Green.jpg');" href="<?php echo document::href_ilink('product', array('product_id' => $product_id)); ?>">
	  <?php echo functions::draw_fonticon('fa-list-ul'); ?> <?php echo language::translate('title_view_options', 'View Options'); ?></a>

	  <?php } else if (reference::product($product_id)->quantity <= 0 || reference::product($product_id)->sold_out_status['orderable']) { ?>
      <button class="btn btn-success btn-block" name="add_cart_product" style="display: none;" value="true" type="submit">
	  <span style="color: #000000;"><?php echo functions::draw_fonticon('fa-shopping-cart'); ?>
	  <b><i> <?php echo language::translate('title_sold_out', 'Sold Out'); ?></i></b></button>
	  
      <?php } else { ?>
      <?php echo functions::form_draw_form_begin('buy_now_form', 'post', document::href_ilink('checkout')); ?>
      <?php echo functions::form_draw_hidden_field('product_id', $product_id); ?>
		
      <button class="btn btn-default btn-block" disabled="disabled" name="add_cart_product" style="background-image:url('/images/customize/Gray.jpg');" value="true">
	  <b><i><span style="color: #fcbd35;"><?php echo functions::draw_fonticon('fa-shopping-cart'); ?>
	  <?php echo language::translate('title_order_closed', 'Order Closed'); ?></i></b></button>
      <?php echo functions::form_draw_form_end('buy_now_form'); ?>
      
    <?php } ?>
    </div>
    <?php } ?>
      ]]></add>
    </operation>    
    
    <operation error="log">
      <search position="after" offset="7"><![CDATA[
          <div class="price-wrapper">
      ]]></search>
      <add><![CDATA[
    <?php if (reference::product($product_id)->date_valid_from <= date('Y-m-d H:i:s') && reference::product($product_id)->addtocart) { ?>
	
    <div class="buy-now-wrapper">
      <?php if (!empty(reference::product($product_id)->options)) { ?>
      <a class="add-cart-item btn btn-default btn-block" style="background-image:url('/images/customize/Green.jpg');" href="<?php echo document::href_ilink('product', array('product_id' => $product_id)); ?>">
	  <b><i><?php echo functions::draw_fonticon('fa-list-ul'); ?> <?php echo language::translate('title_options_closed', 'Options Closed'); ?></i></b></a>

	  <?php } else if (!empty($campaign_price && ($quantity > 0 || !empty($product->sold_out_status['orderable'])))) { ?>
      <button class="btn btn-success btn-block" name="add_cart_product" style="display: none;" value="true" type="submit">
	  <span style="color: #f6cd0f;"><?php echo functions::draw_fonticon('fa-shopping-cart'); ?>
	  <b><i><?php echo language::translate('title_insane_deal_!!', 'Insane Deal !!'); ?></i></b></button> 
	  
      <?php } else if (!empty($campaign_price && ($quantity <= 0 || !empty($product->sold_out_status['orderable'])))) { ?>
      <button class="sold_out" disabled="disabled" name="add_cart_product" style="background-image:url('/images/customize/Dark Red.jpg');" value="true" type="submit">
	  <span style="color: #000000;"><?php echo functions::draw_fonticon('fa-shopping-cart'); ?>
	  <b><i> <?php echo language::translate('title_sold_out', 'Sold Out'); ?></i></b></button>	  

	  <?php } else if (reference::product($product_id)->quantity <= 0 || reference::product($product_id)->sold_out_status['orderable']) { ?>
      <button class="btn btn-default btn-block" name="add_cart_product" style="display: none;" value="true" type="submit">
	  <span style="color: #000000;"><?php echo functions::draw_fonticon('fa-shopping-cart'); ?>
	  <b><i> <?php echo language::translate('title_sold_out', 'Sold Out'); ?></i></b></button>

      <?php } else { ?>
      <?php echo functions::form_draw_form_begin('buy_now_form', 'post', document::href_ilink('checkout')); ?>
      <?php echo functions::form_draw_hidden_field('product_id', $product_id); ?>
	
      <button class="btn btn-success btn-block" type="submit" name="add_cart_product" style="background-image:url('/images/customize/Green.jpg');" value="true">
	  <span style="color: #7a0000;"><?php echo functions::draw_fonticon('fa-shopping-cart'); ?> 
	  <b><i><?php echo language::translate('title_add_to_cart', 'Add To Cart'); ?></i></b></button>
      <?php echo functions::form_draw_form_end('buy_now_form'); ?>
      <?php } ?>
    </div>
    <?php } ?>
      ]]></add>
    </operation>


    <operation error="log">
      <search position="after" offset="7"><![CDATA[
          <div class="price-wrapper">
      ]]></search>
      <add><![CDATA[
    
	<?php if (!empty(reference::product($product_id)->date_valid_from >= date('Y-m-d H:i:s') && reference::product($product_id)->addtocart)) { ?>
	
    <div class="buy-now-wrapper">
      <?php if (!empty(reference::product($product_id)->options)) { ?>
      <a class="add-cart-item btn btn-default btn-block" style="background-image:url('/images/customize/Purple.jpg');" href="<?php echo document::href_ilink('product', array('product_id' => $product_id)); ?>">
	  <b><i><?php echo functions::draw_fonticon('fa-shopping-cart'); ?> <?php echo language::translate('title_view_options', 'View Options'); ?></i></b></a>

	  <?php } else if (reference::product($product_id)->quantity <= 0 || reference::product($product_id)->sold_out_status['orderable']) { ?>
      <button class="sold_out" disabled="disabled" name="add_cart_product" style="background-image:url('/images/customize/Dark Red.jpg');" value="true" type="submit">
	  <span style="color: #000000;"><?php echo functions::draw_fonticon('fa-shopping-cart'); ?>
	  <b><i> <?php echo language::translate('title_sold_out', 'Sold Out'); ?></i></b></button>
	  
	  <?php } else if (!empty($campaign_price && ($quantity > 0 || !empty($product->sold_out_status['orderable'])))) { ?>
      <button class="btn btn-success btn-block" name="add_cart_product" style="display: none;" value="true" type="submit">
	  <span style="color: #f6cd0f;"><?php echo functions::draw_fonticon('fa-shopping-cart'); ?>
	  <b><i><?php echo language::translate('title_insane_deal_!!', 'Insane Deal !!'); ?></i></b></button>
	  
	  
	   
      <?php } else { ?>
      <?php echo functions::form_draw_form_begin('buy_now_form', 'post', document::href_ilink('checkout')); ?>
      <?php echo functions::form_draw_hidden_field('product_id', $product_id); ?>
      <button class="btn btn-success btn-block" name="add_cart_product" style="background-image:url('/images/customize/Purple.jpg');" value="true" type="submit">
	  <span style="color:  #f6cd0f;"><?php echo functions::draw_fonticon('fa-shopping-cart'); ?>
	  <b><i><?php echo language::translate('title_new_arrivals', 'New Arrivals'); ?></i></b></button>
      <?php echo functions::form_draw_form_end('buy_now_form'); ?>
     <?php } ?>
      </div>
     <?php } ?>
      ]]></add>
    </operation>

     <operation error="log">
      <search position="after" offset="7"><![CDATA[
          <div class="price-wrapper">
      ]]></search>
      <add><![CDATA[
    
	<?php if  ($campaign_price && ($quantity > 0 || (!empty($product->sold_out_status['orderable'])) && (!empty(reference::product($product_id)->addtocart)))) { ?>
	
    <div class="buy-now-wrapper">
      <?php if (!empty(reference::product($product_id)->options)) { ?>
      <a class="add-cart-item btn btn-default btn-block" style="background-image:url('/images/customize/Red.jpg');" href="<?php echo document::href_ilink('product', array('product_id' => $product_id)); ?>">
	  <b><i><span style="color: #f6cd0f;"><?php echo functions::draw_fonticon('fa-list-ul'); ?> <?php echo language::translate('title_view_options', 'View Options'); ?></i></b></a>

	  <?php } else if (reference::product($product_id)->quantity <= 0 || reference::product($product_id)->sold_out_status['orderable']) { ?>
      <button class="sold_out" disabled="disabled" name="add_cart_product" style="background-image:url('/images/customize/Dark Red.jpg');" value="true" type="submit">
	  <span style="color: #000000;"><?php echo functions::draw_fonticon('fa-shopping-cart'); ?>
	  <b><i> <?php echo language::translate('title_sold_out', 'Sold Out'); ?></i></b></button>

      <?php } else { ?>
      <?php echo functions::form_draw_form_begin('buy_now_form', 'post', document::href_ilink('checkout')); ?>
      <?php echo functions::form_draw_hidden_field('product_id', $product_id); ?>
      <button class="btn btn-success btn-block" name="add_cart_product" style="background-image:url('/images/customize/Red.jpg');" value="true" type="submit">
	  <span style="color: #f6cd0f;"><?php echo functions::draw_fonticon('fa-shopping-cart'); ?>
	  <b><i><?php echo language::translate('title_insane_deal_!!', 'Insane Deal !!'); ?></i></b></button>
      <?php echo functions::form_draw_form_end('buy_now_form'); ?>
    <?php } ?>
      </div>
    <?php } ?>
      ]]></add>
    </operation>      

    



    

    
     <operation error="log">
      <search position="after" offset="7"><![CDATA[
          <div class="price-wrapper">
      ]]></search>
      <add><![CDATA[
    
	<?php if (reference::product($product_id)->date_valid_from <= date('Y-m-d H:i:s') && reference::product($product_id)->specialoffer) { ?>
	
    <div class="buy-now-wrapper">
      <?php if (!empty(reference::product($product_id)->options)) { ?>
      <a class="add-cart-item btn btn-default btn-block" style="background-image:url('/images/customize/Goldleaf.jpg');" href="<?php echo document::href_ilink('product', array('product_id' => $product_id)); ?>">
	  <b><i><?php echo functions::draw_fonticon('fa-shopping-cart'); ?> <?php echo language::translate('title_special_offer', 'Special Offer'); ?></i></b></a>
	  
	  <?php } else if (!empty($campaign_price && ($quantity > 0 || !empty($product->sold_out_status['orderable'])))) { ?>
      <button class="btn btn-success btn-block" name="add_cart_product" style="display: none;" value="true" type="submit">
	  <span style="color: #f6cd0f;"><?php echo functions::draw_fonticon('fa-shopping-cart'); ?>
	  <b><i><?php echo language::translate('title_insane_deal_!!', 'Insane Deal !!'); ?></i></b></button>
	  
      <?php } else if (!empty($campaign_price && ($quantity <= 0 || !empty($product->sold_out_status['orderable'])))) { ?>
      <button class="sold_out" disabled="disabled" name="add_cart_product" style="background-image:url('/images/customize/Dark Red.jpg');" value="true" type="submit">
	  <span style="color: #000000;"><?php echo functions::draw_fonticon('fa-shopping-cart'); ?>
	  <b><i> <?php echo language::translate('title_sold_out', 'Sold Out'); ?></i></b></button>	  

	  <?php } else if (reference::product($product_id)->quantity <= 0 || reference::product($product_id)->sold_out_status['orderable']) { ?>
      <button class="btn btn-success btn-block" name="add_cart_product" style="display: none;" value="true" type="submit">
	  <span style="color: #000000;"><?php echo functions::draw_fonticon('fa-shopping-cart'); ?>
	  <b><i> <?php echo language::translate('title_sold_out', 'Sold Out'); ?></i></b></button>
	  
      <?php } else { ?>
      <?php echo functions::form_draw_form_begin('buy_now_form', 'post', document::href_ilink('checkout')); ?>
      <?php echo functions::form_draw_hidden_field('product_id', $product_id); ?>
      <button class="btn btn-success btn-block" name="add_cart_product" style="background-image:url('/images/customize/Goldleaf.jpg');" value="true" type="submit">
	  <span style="color: #cc0000;"><?php echo functions::draw_fonticon('fa-shopping-cart'); ?>
      <b><i><?php echo language::translate('title_special_offer', 'Special Offer'); ?></i></b></button>
      <?php echo functions::form_draw_form_end('buy_now_form'); ?>
    <?php } ?>
      </div>
    <?php } ?>
      ]]></add>
    </operation> 
    
     <operation error="log">
      <search position="after" offset="7"><![CDATA[
          <div class="price-wrapper">
      ]]></search>
      <add><![CDATA[
    
	<?php if (reference::product($product_id)->date_valid_from >= date('Y-m-d H:i:s') && reference::product($product_id)->specialoffer) { ?>
	
    <div class="buy-now-wrapper">
      <?php if (!empty(reference::product($product_id)->options)) { ?>
      <a class="add-cart-item btn btn-default btn-block" style="background-image:url('/images/customize/Orange.jpg');" href="<?php echo document::href_ilink('product', array('product_id' => $product_id)); ?>">
	  <b><i><?php echo functions::draw_fonticon('fa-shopping-cart'); ?> <?php echo language::translate('title_view_options', 'View Options'); ?></i></b></a>
	  
	  <?php } else if (!empty($campaign_price && ($quantity > 0 || !empty($product->sold_out_status['orderable'])))) { ?>
      <button class="btn btn-success btn-block" name="add_cart_product" style="display: none;" value="true" type="submit">
	  <span style="color: #f6cd0f;"><?php echo functions::draw_fonticon('fa-shopping-cart'); ?>
	  <b><i><?php echo language::translate('title_insane_deal_!!', 'Insane Deal !!'); ?></i></b></button>
	  
      <?php } else if (!empty($campaign_price && ($quantity <= 0 || !empty($product->sold_out_status['orderable'])))) { ?>
      <button class="sold_out" disabled="disabled" name="add_cart_product" style="background-image:url('/images/customize/Dark Red.jpg');" value="true" type="submit">
	  <span style="color: #000000;"><?php echo functions::draw_fonticon('fa-shopping-cart'); ?>
	  <b><i> <?php echo language::translate('title_sold_out', 'Sold Out'); ?></i></b></button>	  

	  <?php } else if (reference::product($product_id)->quantity <= 0 || reference::product($product_id)->sold_out_status['orderable']) { ?>
      <button class="sold_out" disabled="disabled" name="add_cart_product" style="background-image:url('/images/customize/Dark Red.jpg');" value="true" type="submit">
	  <span style="color: #000000;"><?php echo functions::draw_fonticon('fa-shopping-cart'); ?>
	  <b><i> <?php echo language::translate('title_sold_out', 'Sold Out'); ?></i></b></button>
	  
      <?php } else { ?>
      <?php echo functions::form_draw_form_begin('buy_now_form', 'post', document::href_ilink('checkout')); ?>
      <?php echo functions::form_draw_hidden_field('product_id', $product_id); ?>
      <button class="btn btn-success btn-block" name="add_cart_product" style="background-image:url('/images/customize/Purple.jpg');" value="true" type="submit">
	  <span style="color:  #f6cd0f;"><?php echo functions::draw_fonticon('fa-shopping-cart'); ?>
	  <b><i><?php echo language::translate('title_new_arrivals', 'New Arrivals'); ?></i></b></button>
      <?php echo functions::form_draw_form_end('buy_now_form'); ?>
     <?php } ?>
      </div>
     <?php } ?>
      ]]></add>
    </operation>    

     <operation error="log">
      <search position="after" offset="7"><![CDATA[
          <div class="price-wrapper">
      ]]></search>
      <add><![CDATA[
    
	<?php if (reference::product($product_id)->date_valid_from <= date('Y-m-d H:i:s') && reference::product($product_id)->preowned) { ?>
	
    <div class="buy-now-wrapper">
      <?php if (!empty(reference::product($product_id)->options)) { ?>
      <a class="add-cart-item btn btn-default btn-block" style="background-image:url('/images/customize/Orange.jpg');" href="<?php echo document::href_ilink('product', array('product_id' => $product_id)); ?>">
	  <b><i><?php echo functions::draw_fonticon('fa-shopping-cart'); ?> <?php echo language::translate('title_view_options', 'View Options'); ?></i></b></a>
	  
	  <?php } else if (!empty($campaign_price && ($quantity > 0 || !empty($product->sold_out_status['orderable'])))) { ?>
      <button class="btn btn-success btn-block" name="add_cart_product" style="display: none;" value="true" type="submit">
	  <span style="color: #f6cd0f;"><?php echo functions::draw_fonticon('fa-shopping-cart'); ?>
	  <b><i><?php echo language::translate('title_insane_deal_!!', 'Insane Deal !!'); ?></i></b></button>
	  
      <?php } else if (!empty($campaign_price && ($quantity <= 0 || !empty($product->sold_out_status['orderable'])))) { ?>
      <button class="sold_out" disabled="disabled" name="add_cart_product" style="background-image:url('/images/customize/Dark Red.jpg');" value="true" type="submit">
	  <span style="color: #000000;"><?php echo functions::draw_fonticon('fa-shopping-cart'); ?>
	  <b><i> <?php echo language::translate('title_sold_out', 'Sold Out'); ?></i></b></button>	  

	  <?php } else if (reference::product($product_id)->quantity <= 0 || reference::product($product_id)->sold_out_status['orderable']) { ?>
      <button class="btn btn-success btn-block" name="add_cart_product" style="display: none;" value="true" type="submit">
	  <span style="color: #000000;"><?php echo functions::draw_fonticon('fa-shopping-cart'); ?>
	  <b><i> <?php echo language::translate('title_sold_out', 'Sold Out'); ?></i></b></button>
	  
      <?php } else { ?>
      <?php echo functions::form_draw_form_begin('buy_now_form', 'post', document::href_ilink('checkout')); ?>
      <?php echo functions::form_draw_hidden_field('product_id', $product_id); ?>
      <button class="btn btn-success btn-block" name="add_cart_product" style="background-image:url('/images/customize/Yellow.jpg');" value="true" type="submit">
	  <span style="color: #000000;"><?php echo functions::draw_fonticon('fa-shopping-cart'); ?>
	  <b><i><?php echo language::translate('title_pre_-_owned', 'Pre-owned'); ?></i></b></button>
      <?php echo functions::form_draw_form_end('buy_now_form'); ?>
    <?php } ?>
      </div>
    <?php } ?>
      ]]></add>
    </operation>

     <operation error="log">
      <search position="after" offset="7"><![CDATA[
          <div class="price-wrapper">
      ]]></search>
      <add><![CDATA[
    
	<?php if (reference::product($product_id)->date_valid_from < date('Y-m-d H:i:s') && reference::product($product_id)->pending) { ?>
    <div class="buy-now-wrapper">
      <?php if (!empty(reference::product($product_id)->options)) { ?>
      <a class="add-cart-item btn btn-default btn-block" href="<?php echo document::href_ilink('product', array('product_id' => $product_id)); ?>">
	  <?php echo functions::draw_fonticon('fa-list-ul'); ?> <?php echo language::translate('title_view_options', 'View Options'); ?></a>

	  <?php } else if (reference::product($product_id)->quantity <= 0 || reference::product($product_id)->sold_out_status['orderable']) { ?>
      <button class="btn btn-success btn-block" name="add_cart_product" style="display: none;" value="true" type="submit">
	  <span style="color: #000000;"><?php echo functions::draw_fonticon('fa-shopping-cart'); ?>
	  <b><i> <?php echo language::translate('title_sold_out', 'Sold Out'); ?></i></b></button>  

      <?php } else { ?>
      <?php echo functions::form_draw_form_begin('buy_now_form', 'post', document::href_ilink('checkout')); ?>
        <?php echo functions::form_draw_hidden_field('product_id', $product_id); ?>
		
         <button class="pending_2 btn btn-success btn-block" disabled="disabled" name="add_cart_product" style="background-image:url('/images/customize/Lightblue.jpg');" value="true">
		<span style="color: #0000c7;"><?php echo functions::draw_fonticon('fa-shopping-cart'); ?>
		<b><i><?php echo language::translate('title_pending', 'Pending'); ?></i></b></button>
        <?php echo functions::form_draw_form_end('buy_now_form'); ?>
        <?php } ?>
    </div>
    <?php } ?>
      ]]></add>
    </operation> 

   
    <operation error="log">
      <search position="after" offset="7"><![CDATA[
          <div class="price-wrapper">
      ]]></search>
      <add><![CDATA[
    
	<?php if (reference::product($product_id)->date_valid_from <= date('Y-m-d H:i:s') && (empty($campaign_price))) { ?>
	
    <div class="buy-now-wrapper">
      <?php if (!empty(reference::product($product_id)->options)) { ?>
      <a class="add-cart-item btn btn-default btn-block" style="display: none;" href="<?php echo document::href_ilink('product', array('product_id' => $product_id)); ?>">
	  <b><i><?php echo functions::draw_fonticon('fa-list-ul'); ?> <?php echo language::translate('title_view_options', 'View Options'); ?></i></b></a>

	  <?php } else if (reference::product($product_id)->quantity <= 0 || reference::product($product_id)->sold_out_status['orderable']) { ?>
      <button class="sold_out" disabled="disabled" name="add_cart_product" style="background-image:url('/images/customize/Dark Red.jpg');" value="true" type="submit">
	  <span style="color: #000000;"><?php echo functions::draw_fonticon('fa-shopping-cart'); ?>
	  <b><i> <?php echo language::translate('title_sold_out', 'Sold Out'); ?></i></b></button>

      <?php } else if (!empty($campaign_price && ($quantity <= 0 || !empty($product->sold_out_status['orderable'])))) { ?>
      <button class="sold_out" disabled="disabled" name="add_cart_product" style="background-image:url('/images/customize/Dark Red.jpg');" value="true" type="submit">
	  <span style="color: #000000;"><?php echo functions::draw_fonticon('fa-shopping-cart'); ?>
	  <b><i> <?php echo language::translate('title_sold_out', 'Sold Out'); ?></i></b></button>

      <?php } else { ?>
      <?php echo functions::form_draw_form_begin('buy_now_form', 'post', document::href_ilink('checkout')); ?>
      <?php echo functions::form_draw_hidden_field('product_id', $product_id); ?>
	
      <button class="btn btn-success btn-block" type="submit" name="add_cart_product" style="display: none;" value="true">
	  <span style="color: #7a0000;"><?php echo functions::draw_fonticon('fa-shopping-cart'); ?> 
	  <b><i><?php echo language::translate('title_add_to_cart', 'Add To Cart'); ?></i></b></button>
      <?php echo functions::form_draw_form_end('buy_now_form'); ?>
      <?php } ?>
    </div>
    <?php } ?>
      ]]></add>
    </operation>
    

     <operation error="log">
      <search position="after" offset="7"><![CDATA[
          <div class="price-wrapper">
      ]]></search>
      <add><![CDATA[
    
	<?php if ((reference::product($product_id)->date_valid_from <= date('Y-m-d H:i:s') 
	&& (!empty(reference::product($product_id)->newarrival) 
	&& (empty(reference::product($product_id)->addtocart) 
	&& (empty(reference::product($product_id)->specialoffer) 
	&& (empty(reference::product($product_id)->backorder))))))) { ?>
	
    <div class="buy-now-wrapper">
      <?php if (!empty(reference::product($product_id)->options)) { ?>
      <a class="add-cart-item btn btn-default btn-block" style="display: none;" href="<?php echo document::href_ilink('product', array('product_id' => $product_id)); ?>">
	  <?php echo functions::draw_fonticon('fa-list-ul'); ?> <?php echo language::translate('title_view_options', 'View Options'); ?></a>

	   <?php } else if (!empty($campaign_price && ($quantity > 0 || !empty($product->sold_out_status['orderable'])))) { ?>
       <button class="btn btn-success btn-block" name="add_cart_product" style="display: none;" value="true" type="submit">
	   <span style="color: #f6cd0f;"><?php echo functions::draw_fonticon('fa-shopping-cart'); ?>
	   <b><i><?php echo language::translate('title_insane_deal_!!', 'Insane Deal !!'); ?></i></b></button> 
	   
       <?php } else if (!empty($campaign_price && ($quantity <= 0 || !empty($product->sold_out_status['orderable'])))) { ?>
       <button class="sold_out" disabled="disabled" name="add_cart_product" style="background-image:url('/images/customize/Dark Red.jpg');" value="true" type="submit">
	   <span style="color: #000000;"><?php echo functions::draw_fonticon('fa-shopping-cart'); ?>
	   <b><i> <?php echo language::translate('title_sold_out', 'Sold Out'); ?></i></b></button>	   

	   <?php } else if (reference::product($product_id)->quantity <= 0 || reference::product($product_id)->sold_out_status['orderable']) { ?>
       <button class="sold_out" disabled="disabled" name="add_cart_product" style="background-image:url('/images/customize/Dark Red.jpg');" value="true" type="submit">
	   <span style="color: #000000;"><?php echo functions::draw_fonticon('fa-shopping-cart'); ?>
	   <b><i> <?php echo language::translate('title_sold_out', 'Sold Out'); ?></i></b></button>

       <?php } else { ?>
       <?php echo functions::form_draw_form_begin('buy_now_form', 'post', document::href_ilink('checkout')); ?>
       <?php echo functions::form_draw_hidden_field('product_id', $product_id); ?>
		
       <<button class="btn btn-success btn-block" name="add_cart_product" style="background-image:url('/images/customize/Green.jpg');" value="true">
	   <b><i><span style="color: #7a0000;"><?php echo functions::draw_fonticon('fa-shopping-cart'); ?>
	   <?php echo language::translate('title_add_to_cart', 'Add To Cart'); ?></i></b></button>
       <?php echo functions::form_draw_form_end('buy_now_form'); ?>
       <?php } ?>
    </div>
    <?php } ?>
      ]]></add>
    </operation>  
 
  </file>
 
 
  <file name="includes/templates/*.catalog/views/listing_product_row.inc.php">
    <operation error="log">
      <search position="after" offset="7"><![CDATA[
          <div class="price-wrapper">
      ]]></search>
      <add><![CDATA[
    <?php if (reference::product($product_id)->date_valid_from > date('Y-m-d H:i:s') && reference::product($product_id)->backorder) { ?>
	
    <div class="buy-now-wrapper">
      <?php if (!empty(reference::product($product_id)->options)) { ?>
      <a class="add-cart-item btn btn-default btn-block_product_product" style="display:none;" href="<?php echo document::href_ilink('product', array('product_id' => $product_id)); ?>">
	  <b><i><?php echo functions::draw_fonticon('fa-list-ul'); ?> <?php echo language::translate('title_options_closed', 'Options Closed'); ?></i></b></a>
	  
	  <?php } else if (!empty($campaign_price && ($quantity > 0 || !empty($product->sold_out_status['orderable'])))) { ?>
      <button class="insanedeal" name="add_cart_product" style="display: none;" value="true" type="submit">
	  <span style="color: #f6cd0f;"><?php echo functions::draw_fonticon('fa-shopping-cart'); ?>
	  <b><i><?php echo language::translate('title_insane_deal_!!', 'Insane Deal !!'); ?></i></b></button> 	  

	  <?php } else if (reference::product($product_id)->quantity <= 0 || reference::product($product_id)->sold_out_status['orderable']) { ?>
      <button class="sold_out" disabled="disabled" name="add_cart_product" style="background-image:url('/images/customize/Dark Red.jpg');" value="true" type="submit">
	  <span style="color: #000000;"><?php echo functions::draw_fonticon('fa-shopping-cart'); ?>
	  <b><i> <?php echo language::translate('title_sold_out', 'Sold Out'); ?></i></b></button>
	  
      <?php } else { ?>
      <?php echo functions::form_draw_form_begin('buy_now_form', 'post', document::href_ilink('checkout')); ?>
      <?php echo functions::form_draw_hidden_field('product_id', $product_id); ?>
	
      <button class="btn btn-success btn-block_product_product" type="submit" name="add_cart_product" style="background-image:url('/images/customize/Orange.jpg');" value="true">
	  <span style="color: #000000;"><?php echo functions::draw_fonticon('fa-shopping-cart'); ?> 
	  <b><i><?php echo language::translate('title_backorder', 'Backorder'); ?></i></b></button>
      <?php echo functions::form_draw_form_end('buy_now_form'); ?>
    <?php } ?>
    </div>
    <?php } ?>
      ]]></add>
    </operation>
    
     <operation error="log">
      <search position="after" offset="7"><![CDATA[
          <div class="price-wrapper">
      ]]></search>
      <add><![CDATA[
    
	<?php if (reference::product($product_id)->date_valid_from < date('Y-m-d H:i:s') && reference::product($product_id)->backorder) { ?>
	
    <div class="buy-now-wrapper">
      <?php if (!empty(reference::product($product_id)->options)) { ?>
      <a class="add-cart-item btn btn-default btn-block_product_product" style="display: none;" href="<?php echo document::href_ilink('product', array('product_id' => $product_id)); ?>">
	  <?php echo functions::draw_fonticon('fa-list-ul'); ?> <?php echo language::translate('title_view_options', 'View Options'); ?></a>

	  <?php } else if (!empty($campaign_price && ($quantity > 0 || !empty($product->sold_out_status['orderable'])))) { ?>
      <button class="insanedeal" name="add_cart_product" style="display: none;" value="true" type="submit">
	  <span style="color: #f6cd0f;"><?php echo functions::draw_fonticon('fa-shopping-cart'); ?>
	  <b><i><?php echo language::translate('title_insane_deal_!!', 'Insane Deal !!'); ?></i></b></button>
	   
      <?php } else if (!empty($campaign_price && ($quantity <= 0 || !empty($product->sold_out_status['orderable'])))) { ?>
      <button class="sold_out_2" disabled="disabled" name="add_cart_product" style="background-image:url('/images/customize/Dark Red.jpg');" value="true" type="submit">
	  <span style="color: #000000;"><?php echo functions::draw_fonticon('fa-shopping-cart'); ?>
	  <b><i> <?php echo language::translate('title_sold_out', 'Sold Out'); ?></i></b></button>	   

	  <?php } else if (reference::product($product_id)->quantity <= 0 || reference::product($product_id)->sold_out_status['orderable']) { ?>
      <button class="btn btn-success btn-block_product_product" name="add_cart_product" style="display: none;" value="true" type="submit">
	  <span style="color: #000000;"><?php echo functions::draw_fonticon('fa-shopping-cart'); ?>
	  <b><i> <?php echo language::translate('title_sold_out', 'Sold Out'); ?></i></b></button>

      <?php } else { ?>
      <?php echo functions::form_draw_form_begin('buy_now_form', 'post', document::href_ilink('checkout')); ?>
      <?php echo functions::form_draw_hidden_field('product_id', $product_id); ?>
		
      <button class="btn btn-success btn-block_product_product" disabled="disabled" name="add_cart_product" style="background-image:url('/images/customize/Gray.jpg');" value="true">
	  <b><i><span style="color: #fcbd35;"><?php echo functions::draw_fonticon('fa-shopping-cart'); ?>
	  <?php echo language::translate('title_order_closed', 'Order Closed'); ?></i></b></button>
      <?php echo functions::form_draw_form_end('buy_now_form'); ?>
     <?php } ?>
     </div>
     <?php } ?>
      ]]></add>
    </operation>  

    <operation error="log">
      <search position="after" offset="7"><![CDATA[
          <div class="price-wrapper">
      ]]></search>
      <add><![CDATA[
	<?php if (reference::product($product_id)->date_valid_from > date('Y-m-d H:i:s') && reference::product($product_id)->preorderable) { ?>
	
    <div class="buy-now-wrapper">
      <?php if (!empty(reference::product($product_id)->options)) { ?>
      <a class="add-cart-item btn btn-default btn-block_product_product" style="display:none;" href="<?php echo document::href_ilink('product', array('product_id' => $product_id)); ?>">
	  <?php echo functions::draw_fonticon('fa-list-ul'); ?> <?php echo language::translate('title_view_options', 'View Options'); ?></a>

	  <?php } else if (reference::product($product_id)->quantity <= 0 || reference::product($product_id)->sold_out_status['orderable']) { ?>
      <button class="sold_out_2" disabled="disabled" name="add_cart_product" style="background-image:url('/images/customize/Dark Red.jpg');" value="true" type="submit">
	  <span style="color: #000000;"><?php echo functions::draw_fonticon('fa-shopping-cart'); ?>
	  <b><i> <?php echo language::translate('title_sold_out', 'Sold Out'); ?></i></b></button>   
	  
	  <?php } else if (reference::product($product_id)->date_valid_to <= date('Y-m-d H:i:s') && reference::product($product_id)->prebackorder) { ?>
	  <button class="btn btn-success btn-block_product_product" name="add_cart_product" style="background-image:url('/images/customize/Purple Blue.jpg');" value="true" type="submit">
	  <span style="color: #ffffff;"><?php echo functions::draw_fonticon('fa-shopping-cart'); ?>
      <b><i><?php echo language::translate('title_pre_-_backorder', 'Pre-Backorder'); ?></i></b></button>
      
      <?php } else { ?>
      <?php echo functions::form_draw_form_begin('buy_now_form', 'post', document::href_ilink('checkout')); ?>
      <?php echo functions::form_draw_hidden_field('product_id', $product_id); ?>
		
      <button class="btn btn-success btn-block_product_product" 
      name="add_cart_product" style="background-image:url('/images/customize/Blue.jpg');" value="true" type="submit" 
      <?php echo !empty(customer::$data['id']) || (empty(reference::product($product_id)->signin)) ? '':'disabled="disabled"' ?>>
	  <span style="color: #fcbd35;"><?php echo functions::draw_fonticon('fa-shopping-cart'); ?>
	  <b><i><?php echo language::translate('title_preorder', 'Pre-Order'); ?></i></b></button>
      <?php echo functions::form_draw_form_end('buy_now_form'); ?>
    <?php } ?>
    </div>
    <?php } ?>
      ]]></add>
    </operation>
    
     <operation error="log">
      <search position="after" offset="7"><![CDATA[
          <div class="price-wrapper">
      ]]></search>
      <add><![CDATA[
    
	<?php if (reference::product($product_id)->date_valid_from <= date('Y-m-d H:i:s') && reference::product($product_id)->preorderable) { ?>
	
    <div class="buy-now-wrapper">
      <?php if (!empty(reference::product($product_id)->options)) { ?>
      <a class="add-cart-item btn btn-default btn-block_product_product" style="background-image:url('/images/customize/Green.jpg');" href="<?php echo document::href_ilink('product', array('product_id' => $product_id)); ?>">
	  <?php echo functions::draw_fonticon('fa-list-ul'); ?> <?php echo language::translate('title_view_options', 'View Options'); ?></a>

	  <?php } else if (reference::product($product_id)->quantity <= 0 || reference::product($product_id)->sold_out_status['orderable']) { ?>
      <button class="btn btn-success btn-block_product_product" name="add_cart_product" style="display: none;" value="true" type="submit">
	  <span style="color: #000000;"><?php echo functions::draw_fonticon('fa-shopping-cart'); ?>
	  <b><i> <?php echo language::translate('title_sold_out', 'Sold Out'); ?></i></b></button>
	  
      <?php } else { ?>
      <?php echo functions::form_draw_form_begin('buy_now_form', 'post', document::href_ilink('checkout')); ?>
      <?php echo functions::form_draw_hidden_field('product_id', $product_id); ?>
		
      <button class="btn btn-default btn-block_product_product" disabled="disabled" name="add_cart_product" style="background-image:url('/images/customize/Gray.jpg');" value="true">
	  <b><i><span style="color: #fcbd35;"><?php echo functions::draw_fonticon('fa-shopping-cart'); ?>
	  <?php echo language::translate('title_order_closed', 'Order Closed'); ?></i></b></button>
      <?php echo functions::form_draw_form_end('buy_now_form'); ?>
      
    <?php } ?>
    </div>
    <?php } ?>
      ]]></add>
    </operation>    
    
    <operation error="log">
      <search position="after" offset="7"><![CDATA[
          <div class="price-wrapper">
      ]]></search>
      <add><![CDATA[
    <?php if (reference::product($product_id)->date_valid_from <= date('Y-m-d H:i:s') && reference::product($product_id)->addtocart) { ?>
	
    <div class="buy-now-wrapper">
      <?php if (!empty(reference::product($product_id)->options)) { ?>
      <a class="add-cart-item btn btn-default btn-block_product_product" style="background-image:url('/images/customize/Green.jpg');" href="<?php echo document::href_ilink('product', array('product_id' => $product_id)); ?>">
	  <b><i><?php echo functions::draw_fonticon('fa-list-ul'); ?> <?php echo language::translate('title_options_closed', 'Options Closed'); ?></i></b></a>

	  <?php } else if (!empty($campaign_price && ($quantity > 0 || !empty($product->sold_out_status['orderable'])))) { ?>
      <button class="insanedeal" name="add_cart_product" style="display: none;" value="true" type="submit">
	  <span style="color: #f6cd0f;"><?php echo functions::draw_fonticon('fa-shopping-cart'); ?>
	  <b><i><?php echo language::translate('title_insane_deal_!!', 'Insane Deal !!'); ?></i></b></button> 
	  
      <?php } else if (!empty($campaign_price && ($quantity <= 0 || !empty($product->sold_out_status['orderable'])))) { ?>
      <button class="sold_out_2" disabled="disabled" name="add_cart_product" style="background-image:url('/images/customize/Dark Red.jpg');" value="true" type="submit">
	  <span style="color: #000000;"><?php echo functions::draw_fonticon('fa-shopping-cart'); ?>
	  <b><i> <?php echo language::translate('title_sold_out', 'Sold Out'); ?></i></b></button>	  

	  <?php } else if (reference::product($product_id)->quantity <= 0 || reference::product($product_id)->sold_out_status['orderable']) { ?>
      <button class="btn btn-default btn-block_product_product" name="add_cart_product" style="display: none;" value="true" type="submit">
	  <span style="color: #000000;"><?php echo functions::draw_fonticon('fa-shopping-cart'); ?>
	  <b><i> <?php echo language::translate('title_sold_out', 'Sold Out'); ?></i></b></button>

      <?php } else { ?>
      <?php echo functions::form_draw_form_begin('buy_now_form', 'post', document::href_ilink('checkout')); ?>
      <?php echo functions::form_draw_hidden_field('product_id', $product_id); ?>
	
      <button class="btn btn-success btn-block_product_product" type="submit" name="add_cart_product" style="background-image:url('/images/customize/Green.jpg');" value="true">
	  <span style="color: #7a0000;"><?php echo functions::draw_fonticon('fa-shopping-cart'); ?> 
	  <b><i><?php echo language::translate('title_add_to_cart', 'Add To Cart'); ?></i></b></button>
      <?php echo functions::form_draw_form_end('buy_now_form'); ?>
      <?php } ?>
    </div>
    <?php } ?>
      ]]></add>
    </operation>


    <operation error="log">
      <search position="after" offset="7"><![CDATA[
          <div class="price-wrapper">
      ]]></search>
      <add><![CDATA[
    
	<?php if (!empty(reference::product($product_id)->date_valid_from >= date('Y-m-d H:i:s') && reference::product($product_id)->addtocart)) { ?>
	
    <div class="buy-now-wrapper">
      <?php if (!empty(reference::product($product_id)->options)) { ?>
      <a class="add-cart-item btn btn-default btn-block_product_product" style="background-image:url('/images/customize/Purple.jpg');" href="<?php echo document::href_ilink('product', array('product_id' => $product_id)); ?>">
	  <b><i><?php echo functions::draw_fonticon('fa-shopping-cart'); ?> <?php echo language::translate('title_view_options', 'View Options'); ?></i></b></a>

	  <?php } else if (reference::product($product_id)->quantity <= 0 || reference::product($product_id)->sold_out_status['orderable']) { ?>
      <button class="sold_out_2" disabled="disabled" name="add_cart_product" style="background-image:url('/images/customize/Dark Red.jpg');" value="true" type="submit">
	  <span style="color: #000000;"><?php echo functions::draw_fonticon('fa-shopping-cart'); ?>
	  <b><i> <?php echo language::translate('title_sold_out', 'Sold Out'); ?></i></b></button>
	  
	  <?php } else if (!empty($campaign_price && ($quantity > 0 || !empty($product->sold_out_status['orderable'])))) { ?>
      <button class="btn btn-default btn-block_product_product" name="add_cart_product" style="display: none;" value="true" type="submit">
	  <span style="color: #f6cd0f;"><?php echo functions::draw_fonticon('fa-shopping-cart'); ?>
	  <b><i><?php echo language::translate('title_insane_deal_!!', 'Insane Deal !!'); ?></i></b></button>
	  
	  
	   
      <?php } else { ?>
      <?php echo functions::form_draw_form_begin('buy_now_form', 'post', document::href_ilink('checkout')); ?>
      <?php echo functions::form_draw_hidden_field('product_id', $product_id); ?>
      <button class="btn btn-default btn-block_product_product" name="add_cart_product" style="background-image:url('/images/customize/Purple.jpg');" value="true" type="submit">
	  <span style="color:  #f6cd0f;"><?php echo functions::draw_fonticon('fa-shopping-cart'); ?>
	  <b><i><?php echo language::translate('title_new_arrivals', 'New Arrivals'); ?></i></b></button>
      <?php echo functions::form_draw_form_end('buy_now_form'); ?>
     <?php } ?>
      </div>
     <?php } ?>
      ]]></add>
    </operation>

     <operation error="log">
      <search position="after" offset="7"><![CDATA[
          <div class="price-wrapper">
      ]]></search>
      <add><![CDATA[
    
	<?php if  ($campaign_price && ($quantity > 0 || (!empty($product->sold_out_status['orderable'])) && (!empty(reference::product($product_id)->addtocart)))) { ?>
	
    <div class="buy-now-wrapper">
      <?php if (!empty(reference::product($product_id)->options)) { ?>
      <a class="add-cart-item btn btn-default btn-block_product_product" style="background-image:url('/images/customize/Red.jpg');" href="<?php echo document::href_ilink('product', array('product_id' => $product_id)); ?>">
	  <b><i><span style="color: #f6cd0f;"><?php echo functions::draw_fonticon('fa-list-ul'); ?> <?php echo language::translate('title_view_options', 'View Options'); ?></i></b></a>

	  <?php } else if (reference::product($product_id)->quantity <= 0 || reference::product($product_id)->sold_out_status['orderable']) { ?>
      <button class="sold_out_2" disabled="disabled" name="add_cart_product" style="background-image:url('/images/customize/Dark Red.jpg');" value="true" type="submit">
	  <span style="color: #000000;"><?php echo functions::draw_fonticon('fa-shopping-cart'); ?>
	  <b><i> <?php echo language::translate('title_sold_out', 'Sold Out'); ?></i></b></button>

      <?php } else { ?>
      <?php echo functions::form_draw_form_begin('buy_now_form', 'post', document::href_ilink('checkout')); ?>
      <?php echo functions::form_draw_hidden_field('product_id', $product_id); ?>
      <button class="btn btn-default btn-block_product_product" name="add_cart_product" style="background-image:url('/images/customize/Red.jpg');" value="true" type="submit">
	  <span style="color: #f6cd0f;"><?php echo functions::draw_fonticon('fa-shopping-cart'); ?>
	  <b><i><?php echo language::translate('title_insane_deal_!!', 'Insane Deal !!'); ?></i></b></button>
      <?php echo functions::form_draw_form_end('buy_now_form'); ?>
    <?php } ?>
      </div>
    <?php } ?>
      ]]></add>
    </operation>      

    



    

    
     <operation error="log">
      <search position="after" offset="7"><![CDATA[
          <div class="price-wrapper">
      ]]></search>
      <add><![CDATA[
    
	<?php if (reference::product($product_id)->date_valid_from <= date('Y-m-d H:i:s') && reference::product($product_id)->specialoffer) { ?>
	
    <div class="buy-now-wrapper">
      <?php if (!empty(reference::product($product_id)->options)) { ?>
      <a class="add-cart-item btn btn-default btn-block_product_product" style="background-image:url('/images/customize/Goldleaf.jpg');" href="<?php echo document::href_ilink('product', array('product_id' => $product_id)); ?>">
	  <b><i><?php echo functions::draw_fonticon('fa-shopping-cart'); ?> <?php echo language::translate('title_special_offer', 'Special Offer'); ?></i></b></a>
	  
	  <?php } else if (!empty($campaign_price && ($quantity > 0 || !empty($product->sold_out_status['orderable'])))) { ?>
      <button class="btn btn-default btn-block_product_product" name="add_cart_product" style="display: none;" value="true" type="submit">
	  <span style="color: #f6cd0f;"><?php echo functions::draw_fonticon('fa-shopping-cart'); ?>
	  <b><i><?php echo language::translate('title_insane_deal_!!', 'Insane Deal !!'); ?></i></b></button>
	  
      <?php } else if (!empty($campaign_price && ($quantity <= 0 || !empty($product->sold_out_status['orderable'])))) { ?>
      <button class="sold_out_2" disabled="disabled" name="add_cart_product" style="background-image:url('/images/customize/Dark Red.jpg');" value="true" type="submit">
	  <span style="color: #000000;"><?php echo functions::draw_fonticon('fa-shopping-cart'); ?>
	  <b><i> <?php echo language::translate('title_sold_out', 'Sold Out'); ?></i></b></button>	  

	  <?php } else if (reference::product($product_id)->quantity <= 0 || reference::product($product_id)->sold_out_status['orderable']) { ?>
      <button class="btn btn-default btn-block_product_product" name="add_cart_product" style="display: none;" value="true" type="submit">
	  <span style="color: #000000;"><?php echo functions::draw_fonticon('fa-shopping-cart'); ?>
	  <b><i> <?php echo language::translate('title_sold_out', 'Sold Out'); ?></i></b></button>
	  
      <?php } else { ?>
      <?php echo functions::form_draw_form_begin('buy_now_form', 'post', document::href_ilink('checkout')); ?>
      <?php echo functions::form_draw_hidden_field('product_id', $product_id); ?>
      <button class="btn btn-success btn-block_product_product" name="add_cart_product" style="background-image:url('/images/customize/Goldleaf.jpg');" value="true" type="submit">
	  <span style="color: #cc0000;"><?php echo functions::draw_fonticon('fa-shopping-cart'); ?>
      <b><i><?php echo language::translate('title_special_offer', 'Special Offer'); ?></i></b></button>
      <?php echo functions::form_draw_form_end('buy_now_form'); ?>
    <?php } ?>
      </div>
    <?php } ?>
      ]]></add>
    </operation> 
    
     <operation error="log">
      <search position="after" offset="7"><![CDATA[
          <div class="price-wrapper">
      ]]></search>
      <add><![CDATA[
    
	<?php if (reference::product($product_id)->date_valid_from >= date('Y-m-d H:i:s') && reference::product($product_id)->specialoffer) { ?>
	
    <div class="buy-now-wrapper">
      <?php if (!empty(reference::product($product_id)->options)) { ?>
      <a class="add-cart-item btn btn-default btn-block_product_product" style="background-image:url('/images/customize/Orange.jpg');" href="<?php echo document::href_ilink('product', array('product_id' => $product_id)); ?>">
	  <b><i><?php echo functions::draw_fonticon('fa-shopping-cart'); ?> <?php echo language::translate('title_view_options', 'View Options'); ?></i></b></a>
	  
	  <?php } else if (!empty($campaign_price && ($quantity > 0 || !empty($product->sold_out_status['orderable'])))) { ?>
      <button class="insanedeal" name="add_cart_product" style="display: none;" value="true" type="submit">
	  <span style="color: #f6cd0f;"><?php echo functions::draw_fonticon('fa-shopping-cart'); ?>
	  <b><i><?php echo language::translate('title_insane_deal_!!', 'Insane Deal !!'); ?></i></b></button>
	  
      <?php } else if (!empty($campaign_price && ($quantity <= 0 || !empty($product->sold_out_status['orderable'])))) { ?>
      <<button class="sold_out_2" disabled="disabled" name="add_cart_product" style="background-image:url('/images/customize/Dark Red.jpg');" value="true" type="submit">
	  <span style="color: #000000;"><?php echo functions::draw_fonticon('fa-shopping-cart'); ?>
	  <b><i> <?php echo language::translate('title_sold_out', 'Sold Out'); ?></i></b></button>	  

	  <?php } else if (reference::product($product_id)->quantity <= 0 || reference::product($product_id)->sold_out_status['orderable']) { ?>
      <button class="sold_out_2" disabled="disabled" name="add_cart_product" style="background-image:url('/images/customize/Dark Red.jpg');" value="true" type="submit">
	  <span style="color: #000000;"><?php echo functions::draw_fonticon('fa-shopping-cart'); ?>
	  <b><i> <?php echo language::translate('title_sold_out', 'Sold Out'); ?></i></b></button>
	  
      <?php } else { ?>
      <?php echo functions::form_draw_form_begin('buy_now_form', 'post', document::href_ilink('checkout')); ?>
      <?php echo functions::form_draw_hidden_field('product_id', $product_id); ?>
      <button class="new_arrival_2 btn btn-default btn-block_product_product" name="add_cart_product" style="background-image:url('/images/customize/Purple.jpg');" value="true" type="submit">
	  <span style="color:  #f6cd0f;"><?php echo functions::draw_fonticon('fa-shopping-cart'); ?>
	  <b><i><?php echo language::translate('title_new_arrivals', 'New Arrivals'); ?></i></b></button>
      <?php echo functions::form_draw_form_end('buy_now_form'); ?>
     <?php } ?>
      </div>
     <?php } ?>
      ]]></add>
    </operation>    

     <operation error="log">
      <search position="after" offset="7"><![CDATA[
          <div class="price-wrapper">
      ]]></search>
      <add><![CDATA[
    
	<?php if (reference::product($product_id)->date_valid_from <= date('Y-m-d H:i:s') && reference::product($product_id)->preowned) { ?>
	
    <div class="buy-now-wrapper">
      <?php if (!empty(reference::product($product_id)->options)) { ?>
      <a class="add-cart-item btn btn-default btn-block_product_product" style="background-image:url('/images/customize/Orange.jpg');" href="<?php echo document::href_ilink('product', array('product_id' => $product_id)); ?>">
	  <b><i><?php echo functions::draw_fonticon('fa-shopping-cart'); ?> <?php echo language::translate('title_view_options', 'View Options'); ?></i></b></a>
	  
	  <?php } else if (!empty($campaign_price && ($quantity > 0 || !empty($product->sold_out_status['orderable'])))) { ?>
      <button class="insanedeal" name="add_cart_product" style="display: none;" value="true" type="submit">
	  <span style="color: #f6cd0f;"><?php echo functions::draw_fonticon('fa-shopping-cart'); ?>
	  <b><i><?php echo language::translate('title_insane_deal_!!', 'Insane Deal !!'); ?></i></b></button>
	  
      <?php } else if (!empty($campaign_price && ($quantity <= 0 || !empty($product->sold_out_status['orderable'])))) { ?>
      <button class="sold_out_2" disabled="disabled" name="add_cart_product" style="background-image:url('/images/customize/Dark Red.jpg');" value="true" type="submit">
	  <span style="color: #000000;"><?php echo functions::draw_fonticon('fa-shopping-cart'); ?>
	  <b><i> <?php echo language::translate('title_sold_out', 'Sold Out'); ?></i></b></button>	  

	  <?php } else if (reference::product($product_id)->quantity <= 0 || reference::product($product_id)->sold_out_status['orderable']) { ?>
      <button class="btn btn-default btn-block_product_product" name="add_cart_product" style="display: none;" value="true" type="submit">
	  <span style="color: #000000;"><?php echo functions::draw_fonticon('fa-shopping-cart'); ?>
	  <b><i> <?php echo language::translate('title_sold_out', 'Sold Out'); ?></i></b></button>
	  
      <?php } else { ?>
      <?php echo functions::form_draw_form_begin('buy_now_form', 'post', document::href_ilink('checkout')); ?>
      <?php echo functions::form_draw_hidden_field('product_id', $product_id); ?>
      <button class="preowned_2 btn btn-default btn-block_product_product" name="add_cart_product" style="background-image:url('/images/customize/Yellow.jpg');" value="true" type="submit">
	  <span style="color: #000000;"><?php echo functions::draw_fonticon('fa-shopping-cart'); ?>
	  <b><i><?php echo language::translate('title_pre_-_owned', 'Pre-owned'); ?></i></b></button>
      <?php echo functions::form_draw_form_end('buy_now_form'); ?>
    <?php } ?>
      </div>
    <?php } ?>
      ]]></add>
    </operation>

     <operation error="log">
      <search position="after" offset="7"><![CDATA[
          <div class="price-wrapper">
      ]]></search>
      <add><![CDATA[
    
	<?php if (reference::product($product_id)->date_valid_from < date('Y-m-d H:i:s') && reference::product($product_id)->pending) { ?>
    <div class="buy-now-wrapper">
      <?php if (!empty(reference::product($product_id)->options)) { ?>
      <a class="add-cart-item btn btn-default btn-block_product_product" href="<?php echo document::href_ilink('product', array('product_id' => $product_id)); ?>">
	  <?php echo functions::draw_fonticon('fa-list-ul'); ?> <?php echo language::translate('title_view_options', 'View Options'); ?></a>

	  <?php } else if (reference::product($product_id)->quantity <= 0 || reference::product($product_id)->sold_out_status['orderable']) { ?>
      <button class="btn btn-default btn-block_product_product" name="add_cart_product" style="display: none;" value="true" type="submit">
	  <span style="color: #000000;"><?php echo functions::draw_fonticon('fa-shopping-cart'); ?>
	  <b><i> <?php echo language::translate('title_sold_out', 'Sold Out'); ?></i></b></button>  

      <?php } else { ?>
      <?php echo functions::form_draw_form_begin('buy_now_form', 'post', document::href_ilink('checkout')); ?>
        <?php echo functions::form_draw_hidden_field('product_id', $product_id); ?>
		
         <button class="pending_2 btn btn-success btn-block_product_product" disabled="disabled" name="add_cart_product" style="background-image:url('/images/customize/Lightblue.jpg');" value="true">
		<span style="color: #0000c7;"><?php echo functions::draw_fonticon('fa-shopping-cart'); ?>
		<b><i><?php echo language::translate('title_pending', 'Pending'); ?></i></b></button>
        <?php echo functions::form_draw_form_end('buy_now_form'); ?>
        <?php } ?>
    </div>
    <?php } ?>
      ]]></add>
    </operation> 

   
    <operation error="log">
      <search position="after" offset="7"><![CDATA[
          <div class="price-wrapper">
      ]]></search>
      <add><![CDATA[
    
	<?php if (reference::product($product_id)->date_valid_from <= date('Y-m-d H:i:s') && (empty($campaign_price))) { ?>
	
    <div class="buy-now-wrapper">
      <?php if (!empty(reference::product($product_id)->options)) { ?>
      <a class="add-cart-item btn btn-default btn-block_product_product" style="display: none;" href="<?php echo document::href_ilink('product', array('product_id' => $product_id)); ?>">
	  <b><i><?php echo functions::draw_fonticon('fa-list-ul'); ?> <?php echo language::translate('title_view_options', 'View Options'); ?></i></b></a>

	  <?php } else if (reference::product($product_id)->quantity <= 0 || reference::product($product_id)->sold_out_status['orderable']) { ?>
      <button class="sold_out_2" disabled="disabled" name="add_cart_product" style="background-image:url('/images/customize/Dark Red.jpg');" value="true" type="submit">
	  <span style="color: #000000;"><?php echo functions::draw_fonticon('fa-shopping-cart'); ?>
	  <b><i> <?php echo language::translate('title_sold_out', 'Sold Out'); ?></i></b></button>

      <?php } else if (!empty($campaign_price && ($quantity <= 0 || !empty($product->sold_out_status['orderable'])))) { ?>
      <button class="sold_out_2" disabled="disabled" name="add_cart_product" style="background-image:url('/images/customize/Dark Red.jpg');" value="true" type="submit">
	  <span style="color: #000000;"><?php echo functions::draw_fonticon('fa-shopping-cart'); ?>
	  <b><i> <?php echo language::translate('title_sold_out', 'Sold Out'); ?></i></b></button>

      <?php } else { ?>
      <?php echo functions::form_draw_form_begin('buy_now_form', 'post', document::href_ilink('checkout')); ?>
      <?php echo functions::form_draw_hidden_field('product_id', $product_id); ?>
	
      <button class="btn btn-success btn-block_product_product" type="submit" name="add_cart_product" style="display: none;" value="true">
	  <span style="color: #7a0000;"><?php echo functions::draw_fonticon('fa-shopping-cart'); ?> 
	  <b><i><?php echo language::translate('title_add_to_cart', 'Add To Cart'); ?></i></b></button>
      <?php echo functions::form_draw_form_end('buy_now_form'); ?>
      <?php } ?>
    </div>
    <?php } ?>
      ]]></add>
    </operation>
    

     <operation error="log">
      <search position="after" offset="7"><![CDATA[
          <div class="price-wrapper">
      ]]></search>
      <add><![CDATA[
    
	<?php if ((reference::product($product_id)->date_valid_from <= date('Y-m-d H:i:s') 
	&& (!empty(reference::product($product_id)->newarrival) 
	&& (empty(reference::product($product_id)->addtocart) 
	&& (empty(reference::product($product_id)->specialoffer) 
	&& (empty(reference::product($product_id)->backorder))))))) { ?>
	
    <div class="buy-now-wrapper">
      <?php if (!empty(reference::product($product_id)->options)) { ?>
      <a class="add-cart-item btn btn-default btn-block_product_product" style="display: none;" href="<?php echo document::href_ilink('product', array('product_id' => $product_id)); ?>">
	  <?php echo functions::draw_fonticon('fa-list-ul'); ?> <?php echo language::translate('title_view_options', 'View Options'); ?></a>

	   <?php } else if (!empty($campaign_price && ($quantity > 0 || !empty($product->sold_out_status['orderable'])))) { ?>
       <button class="insanedeal" name="add_cart_product" style="display: none;" value="true" type="submit">
	   <span style="color: #f6cd0f;"><?php echo functions::draw_fonticon('fa-shopping-cart'); ?>
	   <b><i><?php echo language::translate('title_insane_deal_!!', 'Insane Deal !!'); ?></i></b></button> 
	   
       <?php } else if (!empty($campaign_price && ($quantity <= 0 || !empty($product->sold_out_status['orderable'])))) { ?>
       <button class="sold_out_2" disabled="disabled" name="add_cart_product" style="background-image:url('/images/customize/Dark Red.jpg');" value="true" type="submit">
	   <span style="color: #000000;"><?php echo functions::draw_fonticon('fa-shopping-cart'); ?>
	   <b><i> <?php echo language::translate('title_sold_out', 'Sold Out'); ?></i></b></button>	   

	   <?php } else if (reference::product($product_id)->quantity <= 0 || reference::product($product_id)->sold_out_status['orderable']) { ?>
       <button class="sold_out_2" disabled="disabled" name="add_cart_product" style="background-image:url('/images/customize/Dark Red.jpg');" value="true" type="submit">
	   <span style="color: #000000;"><?php echo functions::draw_fonticon('fa-shopping-cart'); ?>
	   <b><i> <?php echo language::translate('title_sold_out', 'Sold Out'); ?></i></b></button>

       <?php } else { ?>
       <?php echo functions::form_draw_form_begin('buy_now_form', 'post', document::href_ilink('checkout')); ?>
       <?php echo functions::form_draw_hidden_field('product_id', $product_id); ?>
		
       <button class="add_to_cart_2 btn btn-success btn-block_product_product" name="add_cart_product" style="background-image:url('/images/customize/Green.jpg');" value="true">
	   <b><i><span style="color: #7a0000;"><?php echo functions::draw_fonticon('fa-shopping-cart'); ?>
	   <?php echo language::translate('title_add_to_cart', 'Add To Cart'); ?></i></b></button>
       <?php echo functions::form_draw_form_end('buy_now_form'); ?>
       <?php } ?>
    </div>
    <?php } ?>
      ]]></add>
    </operation>  
 
  </file>

</modification>