<?xml version="1.0" encoding="UTF-8"?>
<modification>
  <id>Campaigns Page</id>
  <version>1.0</version>
  <vqmver required="true">2.4.0</vqmver>
  <author>tim-international.net</author>

  <file name="includes/templates/*.catalog/views/box_site_menu.inc.php">
    <operation error="log">
      <search position="before"><![CDATA[
      <?php if ($categories) { ?>
      ]]></search>
      <add><![CDATA[
        <li class="new-products dropdown">
          <a href="<?php echo document::href_ilink('campaigns'); ?>"><?php echo language::translate('title_campaigns', 'Campaigns'); ?></a>
        </li>
      ]]></add>
    </operation>
  </file>

</modification>