<?xml version="1.0" encoding="UTF-8"?>
<modification>
	<id>Custom Listing Product Column Row</id>
	<version>2.0</version>
	<vqmver required="true">2.4.0</vqmver>
	<author>ittoysline</author>

  <file name="includes/templates/*.catalog/views/listing_product_column.inc.php">
    <operation error="log">
      <search position="replace"><![CDATA[
        <div class="name"><?php echo $name; ?></div>
      ]]></search>
      <add><![CDATA[
        <div class="name"><?php echo nl2br($short_description); ?></div>
      ]]></add>
    </operation>
  </file>
  
  <file name="includes/templates/*.catalog/views/listing_product_row.inc.php">
    <operation error="log">
      <search position="replace"><![CDATA[
        <div class="name"><?php echo $name; ?></div>
      ]]></search>
      <add><![CDATA[
        <div class="name"><?php echo nl2br($short_description); ?></div>
      ]]></add>
    </operation>
  </file>
			
			
</modification>


