<?xml version="1.0" encoding="UTF-8"?>
<modification>
  <id>Custom Box Site Menu</id>
  <version>2.0</version>
  <vqmver required="true">2.4.0</vqmver>
  <author>ittoysline</author>

  <file name="includes/templates/*.catalog/views/box_site_menu.inc.php">
    <operation error="log">
      <search position="replace" offset="3"><![CDATA[
       <?php echo functions::form_draw_form_begin('search_form', 'get', document::ilink('search'), false, 'class="navbar-form"'); ?>
      ]]></search>
      <add><![CDATA[
       <div class="col-xs-auto text-center">
           <?php include vmod::check(FS_DIR_APP . 'includes/boxes/box_region.inc.php'); ?>
       </div>
      ]]></add>
    </operation>
  </file>
</modification>