<?xml version="1.0" encoding="UTF-8"?>
<modification>
	<id>Custom Printable Order Copy</id>
	<version>1.0</version>
	<vqmver required="true">2.4.0</vqmver>
	<author>ittoysline</author>

   <file path="includes/templates/*.catalog/pages/printable_order_copy.inc.php">
         
	<operation error="skip">
		<search position="replace" offset="2"><![CDATA[
      <div><?php echo language::translate('title_order', 'Order'); ?> #<?php echo $order['id']; ?></div>
      ]]></search>
			<add><![CDATA[
      <span style="color: darkblue; font-size: large;"> <div><?php echo language::translate('title_order', 'Order'); ?> No: <?php echo  $order['id']; ?></span></div>
      <span style="color: black; font-size: large;"><div><?php echo !empty($order['date_created']) ? date(language::$selected['raw_date'], strtotime($order['date_created'])) : date(language::$selected['raw_date']); ?></div>
      ]]></add>
		</operation>       
       
	<operation error="skip">
		<search position="replace" offset="3"><![CDATA[
      <div class="label"><?php echo language::translate('title_shipping_weight', 'Shipping Weight'); ?></div>
      ]]></search>
			<add><![CDATA[
      <div class="label"></div>
      <div class="value"></div>
      </div>
      ]]></add>
		</operation>

	<operation error="skip">
		<search position="replace" offset="5"><![CDATA[
      <th><?php echo language::translate('title_sku', 'SKU'); ?></th>
      ]]></search>
			<add><![CDATA[
      <th><?php echo language::translate('title_barcode', 'Barcode'); ?></th>
      <th class="main"><?php echo language::translate('title_description', 'Description'); ?></th>
      <th class="text-right"><?php echo language::translate('title_unit_price', 'Price/pcs'); ?></th>
      <th class="text-right"><?php echo language::translate('title_tax', 'Tax'); ?> </th>
      <th class="text-right"><?php echo language::translate('title_total', 'Total'); ?></th>      
      ]]></add>
		</operation>
		
	<operation error="skip">
		<search position="replace" offset=""><![CDATA[
      <th class="text-right"><?php echo language::translate('title_tax', 'Tax'); ?> </th>
      ]]></search>
			<add><![CDATA[
      <th class="text-right"></th>
      ]]></add>
		</operation>		

	<operation error="skip">
		<search position="replace" offset=""><![CDATA[
      <td class="text-right"><?php echo currency::format($item['tax'], false, $order['currency_code'], $order['currency_value']); ?> (<?php echo @round($item['tax']/$item['price']*100); ?> %)</td>
      ]]></search>
			<add><![CDATA[
      <td class="text-right">&nbsp;&nbsp;&nbsp;&nbsp;&nbsp;&nbsp;</td>
      ]]></add>
		</operation>

  </file>
</modification>


