<?xml version="1.0" encoding="UTF-8"?>
<modification>
	<id>Custom Func Form</id>
	<version>2.0</version>
	<vqmver required="true">2.4.0</vqmver>
	<author>ittoysline.com</author>
	

     
<file name="/includes/functions/func_form.inc.php">
    
 <!-- Upload Multiple Picture -->
 
        <operation error="log">
           <search position="replace">
         <![CDATA[ return '<input '. (!preg_match('#class="([^"]+)?"#', $parameters) ? 'class="form-control"' : '') .' type="file" name="'. htmlspecialchars($name) .'"'. (($parameters) ? ' '.$parameters : false) .' />'; ]]>
           </search>
           <add>
         <![CDATA[ return '<input '. (!preg_match('#class="([^"]+)?"#', $parameters) ? 'class="form-control"' : '') .' type="file" multiple="multiple" name="'. htmlspecialchars($name) .'"'. (($parameters) ? ' '.$parameters : false) .' />'; ]]>
          </add>
          </operation>
          
        <operation error="log">
           <search position="replace" offset="7">
             function form_draw_datetime_field($name, $value=true, $parameters='', $type ='') {
           </search>
           <add>
             function form_draw_datetime_field($name, $value=true, $parameters='', $type ='') {
             if ($value === true) $value = form_reinsert_value($name);

             if (!in_array(substr($value, 0, 10), array('', '0000-00-00', '1970-00-00', '1970-01-01'))) {
             $value = date('Y-m-d\TH:i', strtotime($value));
             } else {
             if ($type == "default_price_1"){
               if(strpos($name,"start_date")){
                $value = date('Y-m-d\TH:i', strtotime("+10 day 12:00am"));
              }
               else if(strpos($name,"end_date")){
                $value = date('Y-m-d\TH:i', strtotime("+11 day 12:00am"));
              }
               else{
                $value = date('Y-m-d\TH:i', strtotime("12:00"));
              }
             }
               else if ($type == "default_price_2"){
                if(strpos($name,"start_date")){
                 $value = date('Y-m-d\TH:i', strtotime("+9 day 12:00am"));
             }
               else if(strpos($name,"end_date")){
                $value = date('Y-m-d\TH:i', strtotime("+10 day 12:00am"));
             }
               else{
                $value = date('Y-m-d\TH:i', strtotime("12:00"));
              }
             } 
               else if ($type == "default_price_3"){
                if(strpos($name,"start_date")){
                 $value = date('Y-m-d\TH:i', strtotime("+8 day 12:00am"));
             }
               else if(strpos($name,"end_date")){
                $value = date('Y-m-d\TH:i', strtotime("+9 day 12:00am"));
              }
               else{
                $value = date('Y-m-d\TH:i', strtotime("12:00"));
              }
             }
               else if ($type == "default_price_4"){
                if(strpos($name,"start_date")){
                 $value = date('Y-m-d\TH:i', strtotime("+7 day 12:00am"));
             }
               else if(strpos($name,"end_date")){
                $value = date('Y-m-d\TH:i', strtotime("+8 day 12:00am"));
              }
               else{
                $value = date('Y-m-d\TH:i', strtotime("12:00"));
              }
             }             
               else if ($type == "default_price_5"){
                if(strpos($name,"start_date")){
                 $value = date('Y-m-d\TH:i', strtotime("+6 day 12:00am"));
             }
               else if(strpos($name,"end_date")){
                $value = date('Y-m-d\TH:i', strtotime("+7 day 12:00am"));
             }
               else{
                $value = date('Y-m-d\TH:i', strtotime("12:00"));
              }
             }             
               else if ($type == "default_price_6"){
                if(strpos($name,"start_date")){
                 $value = date('Y-m-d\TH:i', strtotime("+5 day 12:00am"));
             }
               else if(strpos($name,"end_date")){
                $value = date('Y-m-d\TH:i', strtotime("+6 day 12:00am"));
             }
               else{
                $value = date('Y-m-d\TH:i', strtotime("12:00"));
              }
             }             
               else if ($type == "default_price_7"){
                if(strpos($name,"start_date")){
                 $value = date('Y-m-d\TH:i', strtotime("+4 day 12:00am"));
             }
               else if(strpos($name,"end_date")){
                $value = date('Y-m-d\TH:i', strtotime("+5 day 12:00am"));
             }
               else{
                $value = date('Y-m-d\TH:i', strtotime("12:00"));
             }
            }             
               else if ($type == "default_price_8"){
                if(strpos($name,"start_date")){
                 $value = date('Y-m-d\TH:i', strtotime("+3 day 12:00am"));
              }
               else if(strpos($name,"end_date")){
                $value = date('Y-m-d\TH:i', strtotime("+4 day 12:00am"));
              }
               else{
                $value = date('Y-m-d\TH:i', strtotime("12:00"));
              }
             }             
               else if ($type == "default_price_9"){
                if(strpos($name,"start_date")){
                 $value = date('Y-m-d\TH:i', strtotime("+2 day 12:00am"));
             }
               else if(strpos($name,"end_date")){
                $value = date('Y-m-d\TH:i', strtotime("+3 day 12:00am"));
              }
               else{
                $value = date('Y-m-d\TH:i', strtotime("12:00"));
              }
             }             
               else if ($type == "default_price_10"){
                if(strpos($name,"start_date")){
                 $value = date('Y-m-d\TH:i', strtotime("+1 day 12:00am"));
             }
               else if(strpos($name,"end_date")){
                $value = date('Y-m-d\TH:i', strtotime("+2 day 12:00am"));
             }
               else{
                $value = date('Y-m-d\TH:i', strtotime("12:00"));
              }
            }             
             
               else if($type == "campaigns_price_1"){
                if(strpos($name,"start_date")){
                 $value = date('Y-m-d\TH:i', strtotime("today 12:00am"));
             }
               else if(strpos($name,"end_date")){
                $value = date('Y-m-d\TH:i', strtotime("+3 day 12:00am"));
              }
             }
             
               else if($type == "campaigns_price_2"){
                if(strpos($name,"start_date")){
                 $value = date('Y-m-d\TH:i', strtotime("+10 day 12:00am"));
             }
               else if(strpos($name,"end_date")){
                $value = date('Y-m-d\TH:i', strtotime("+13 day 12:00am"));
              }
             }             

               else if($type == "campaigns_price_3"){
                if(strpos($name,"start_date")){
                 $value = date('Y-m-d\TH:i', strtotime("+20 day 12:00am"));
             }
               else if(strpos($name,"end_date")){
                $value = date('Y-m-d\TH:i', strtotime("+23 day 12:00am"));
              }
             }
             
               else if ($type == "customer_group_1"){
                if(strpos($name,"start_date")){
                 $value = date('Y-m-d\TH:i', strtotime("today 12:00am"));
             }
               else if(strpos($name,"end_date")){
                $value = date('Y-m-d\TH:i', strtotime("9999-01-01 12:00am"));
             }
               else{
                $value = date('Y-m-d\TH:i', strtotime("12:00"));
              }
             }             
               else if ($type == "customer_group_2"){
                if(strpos($name,"start_date")){
                 $value = date('Y-m-d\TH:i', strtotime("today 12:00am"));
             }
               else if(strpos($name,"end_date")){
                $value = date('Y-m-d\TH:i', strtotime("+10 day 12:00am"));
             }
               else{
                $value = date('Y-m-d\TH:i', strtotime("12:00"));
              }
             }             
               else if ($type == "customer_group_3"){
                if(strpos($name,"start_date")){
                 $value = date('Y-m-d\TH:i', strtotime("today 12:00am"));
             }
               else if(strpos($name,"end_date")){
                $value = date('Y-m-d\TH:i', strtotime("+1 day 12:00am"));
             }
               else{
                $value = date('Y-m-d\TH:i', strtotime("12:00"));
             }
            }             
               else if ($type == "customer_group_4"){
                if(strpos($name,"start_date")){
                 $value = date('Y-m-d\TH:i', strtotime("today 12:00am"));
              }
               else if(strpos($name,"end_date")){
                $value = date('Y-m-d\TH:i', strtotime("+14 day 12:00am"));
              }
               else{
                $value = date('Y-m-d\TH:i', strtotime("12:00"));
              }
             }             
               else if ($type == "customer_group_5"){
                if(strpos($name,"start_date")){
                 $value = date('Y-m-d\TH:i', strtotime("today 12:00am"));
             }
               else if(strpos($name,"end_date")){
                $value = date('Y-m-d\TH:i', strtotime("9999-01-01 12:00am"));
              }
               else{
                $value = date('Y-m-d\TH:i', strtotime("12:00"));
              }
             }             
               else if ($type == "customer_group_6"){
                if(strpos($name,"start_date")){
                 $value = date('Y-m-d\TH:i', strtotime("today 12:00am"));
             }
               else if(strpos($name,"end_date")){
                $value = date('Y-m-d\TH:i', strtotime("+14 day 12:00am"));
             }
               else{
                $value = date('Y-m-d\TH:i', strtotime("12:00"));
              }
            
              
              
              
             } else{
                $value ="";
              }
             }
          </add>
          </operation>          
          </file>
  
</modification>
  


