<?xml version="1.0" encoding="UTF-8"?>
<modification>
  <id>Custom Box Site Footer</id>
  <version>2.0</version>
  <vqmver required="true">2.4.0</vqmver>
  <author>ittoysline</author>

  <file name="includes/templates/*.catalog/views/box_site_footer.inc.php">
    <operation error="log">
      <search position="replace" offset="5"><![CDATA[
          <section id="copyright">
      ]]></search>
      <add><![CDATA[
        <section id="copyright">
    <div class="notice twelve-eighty">
      <!-- LiteCart is provided free under license CC BY-ND 4.0 - https://creativecommons.org/licenses/by-nd/4.0/. Removing the link back to litecart.net without permission is a violation - https://www.litecart.net/addons/172/removal-of-attribution-link -->
      Copyright &copy; <?php echo date('Y'); ?> <?php echo settings::get('store_name'); ?>. All rights reserved &middot; Powered by <a href="https://www.ittoysline.com" target="_blank" title="Free e-commerce platform">IT Toys® </a>
    </div>
  </section>
      ]]></add>
    </operation>
  </file>
</modification>