<?xml version="1.0" encoding="UTF-8"?>
<modification>
  <id>Customer Groups</id>
  <version>2.1.1</version>
  <vqmver required="true">2.4.0</vqmver>
  <author>tim-international.net</author>

  <file name="admin/customers.app/config.inc.php">
    <operation error="log">
      <search position="before" offset="1"><![CDATA[
        'title' => language::translate('title_csv_import_export', 'CSV Import/Export'),
      ]]></search>
      <add><![CDATA[
      array(
        'title' => language::translate('title_customer_groups', 'Customer Groups'),
        'doc' => 'customer_groups',
        'params' => array(),
      ),
      ]]></add>
    </operation>

    <operation error="log">
      <search position="after"><![CDATA[
      'edit_customer' => 'edit_customer.inc.php',
      ]]></search>
      <add><![CDATA[
      'customer_groups' => 'customer_groups.inc.php',
      'edit_customer_group' => 'edit_customer_group.inc.php',
      ]]></add>
    </operation>
  </file>

  <file name="admin/customers.app/customers.inc.php">
    <operation error="log">
      <search position="replace" offset="6"><![CDATA[
    $sql_find = array(
      ]]></search>
      <add><![CDATA[
    $sql_find = array(
      "c.id = '". database::input($_GET['query']) ."'",
      "c.email like '%". database::input($_GET['query']) ."%'",
      "c.tax_id like '%". database::input($_GET['query']) ."%'",
      "c.company like '%". database::input($_GET['query']) ."%'",
      "c.phone like '%". database::input($_GET['query']) ."%'",
      "concat(c.firstname, ' ', c.lastname) like '%". database::input($_GET['query']) ."%'",
      "cg.name like '%". database::input($_GET['query']) ."%'",
    );
      ]]></add>
    </operation>

    <operation error="log">
      <search position="replace"><![CDATA[
    "select c.* from ". DB_TABLE_CUSTOMERS ." c
      ]]></search>
      <add><![CDATA[
    "select c.*, cg.name as customer_group_name from ". DB_TABLE_CUSTOMERS ." c
    left join ". DB_TABLE_CUSTOMER_GROUPS ." cg on (c.customer_group_id = cg.id)
      ]]></add>
    </operation>

    <operation error="log">
      <search position="before"><![CDATA[
        <th class="text-center"><?php echo language::translate('title_date_registered', 'Date Registered'); ?></th>
      ]]></search>
      <add><![CDATA[
        <th><?php echo language::translate('title_customer_group', 'Customer Group'); ?></th>
      ]]></add>
    </operation>

    <operation error="log">
      <search position="before"><![CDATA[
        <td class="text-right"><?php echo language::strftime(language::$selected['format_datetime'], strtotime($customer['date_created'])); ?></td>
      ]]></search>
      <add><![CDATA[
        <th class="text-center"><?php echo $customer['customer_group_name']; ?></td>
      ]]></add>
    </operation>

    <operation error="log">
      <search position="after"><![CDATA[
            <td colspan="8"><?php echo language::translate('title_customers', 'Customers'); ?>: <?php echo $num_rows; ?></td>
      ]]></search>
      <add><![CDATA[
      <td></td>
      ]]></add>
    </operation>
  </file>

  <file name="admin/customers.app/edit_customer.inc.php">
    <operation error="log">
      <search position="after" index="1"><![CDATA[
        'status',
      ]]></search>
      <add><![CDATA[
        'customer_group_id',
      ]]></add>
    </operation>

    <operation error="log">
      <search position="after" offset="3"><![CDATA[
            <label><?php echo language::translate('title_code', 'Code'); ?></label>
      ]]></search>
      <add><![CDATA[
        <div class="form-group">
          <label><?php echo language::translate('title_customer_group', 'Customer Group'); ?></label>
          <?php echo functions::form_draw_customer_groups_list('customer_group_id', true, false); ?>
        </div>
      ]]></add>
    </operation>
  </file>

  <file name="admin/customers.app/csv.inc.php">
    <operation error="log">
      <search position="after"><![CDATA[
        'code',
      ]]></search>
      <add><![CDATA[
        'customer_group_id',
      ]]></add>
    </operation>

    <operation error="log">
      <search position="after"><![CDATA[
          'code' => $customer['code'],
      ]]></search>
      <add><![CDATA[
          'customer_group_id' => $customer['customer_group_id'],
      ]]></add>
    </operation>
  </file>

  <file name="includes/entities/ent_customer.inc.php">
    <operation error="log">
      <search position="after"><![CDATA[
          status = '". (!empty($this->data['status']) ? '1' : '0') ."',
      ]]></search>
      <add><![CDATA[
          customer_group_id = ". (int)$this->data['customer_group_id'] .",
      ]]></add>
    </operation>
  </file>

  <file name="includes/functions/func_form.inc.php">
    <operation error="log">
      <search position="after" offset="1"><![CDATA[
      case 'customers':
      ]]></search>
      <add><![CDATA[
      case 'customer_groups':
        return functions::form_draw_customer_groups_list($name, $input);
      ]]></add>
    </operation>

    <operation error="log">
      <search position="before"><![CDATA[
  function form_draw_delivery_statuses_list($name, $input=true, $multiple=false, $parameters='') {
      ]]></search>
      <add><![CDATA[
  function form_draw_customer_groups_list($name, $input=true, $multiple=false, $parameters='') {

    if ($input === true) $input = form_reinsert_value($name);

    $options = array(array('-- '. language::translate('title_select').' --', ''));

    $customer_groups_query = database::query(
      "select * from ". DB_TABLE_CUSTOMER_GROUPS ."
      order by name asc;"
    );

    while($customer_group = database::fetch($customer_groups_query)) {
      $options[] = array($customer_group['name'], $customer_group['id']);
    }

    if ($multiple) {
      return form_draw_select_multiple_field($name, $options, $input, $parameters);
    } else {
      return form_draw_select_field($name, $options, $input, $parameters);
    }
  }
      ]]></add>
    </operation>
  </file>

</modification>