<?xml version="1.0" encoding="UTF-8"?>
<modification>
	<id>Custom Edit Product</id>
	<version>2.0</version>
	<vqmver required="true">2.4.0</vqmver>
	<author>ittoysline</author>



  <file name="admin/catalog.app/edit_product.inc.php">
      	<operation error="log">
			<search position="before"><![CDATA[
      $('#images .add').click(function(e) {
      ]]></search>
			<add><![CDATA[
      $('#images .add').click(function(e) {
    e.preventDefault();
    var output = '<div class="image form-group">'
               + '  <div class="thumbnail pull-left">'
               + '    <img src="<?php echo document::href_link(WS_DIR_APP . functions::image_thumbnail(FS_DIR_APP . 'images/no_image.png', $product_image_width, $product_image_height, settings::get('product_image_clipping'))); ?>" alt="" />'
               + '  </div>'
               + '  '
               + '  <div class="input-group">'
               + '    <?php echo functions::form_draw_file_field('new_images[]'); ?>'
               + '    <div class="input-group-addon">'
               + '      <a class="move-up" href="#" title="<?php echo language::translate('text_move_up', 'Move up'); ?>"><?php echo functions::draw_fonticon('fa-arrow-circle-up fa-lg', 'style="color: #3399cc;"'); ?></a>'
               + '      <a class="move-down" href="#" title="<?php echo language::translate('text_move_down', 'Move down'); ?>"><?php echo functions::draw_fonticon('fa-arrow-circle-down fa-lg', 'style="color: #3399cc;"'); ?></a>'
               + '      <a class="remove" href="#" title="<?php echo language::translate('title_remove', 'Remove'); ?>"><?php echo functions::draw_fonticon('fa-times-circle fa-lg', 'style="color: #cc3333;"'); ?></a>'
               + '    </div>'
               + '  </div>'
               + '</div>';
    $('#images .new-images').append(output);
    refreshMainImage();
  });
    
      $('#images .add').click(function(e) {
    e.preventDefault();
    var output = '<div class="image form-group">'
               + '  <div class="thumbnail pull-left">'
               + '    <img src="<?php echo document::href_link(WS_DIR_APP . functions::image_thumbnail(FS_DIR_APP . 'images/no_image.png', $product_image_width, $product_image_height, settings::get('product_image_clipping'))); ?>" alt="" />'
               + '  </div>'
               + '  '
               + '  <div class="input-group">'
               + '    <?php echo functions::form_draw_file_field('new_images[]'); ?>'
               + '    <div class="input-group-addon">'
               + '      <a class="move-up" href="#" title="<?php echo language::translate('text_move_up', 'Move up'); ?>"><?php echo functions::draw_fonticon('fa-arrow-circle-up fa-lg', 'style="color: #3399cc;"'); ?></a>'
               + '      <a class="move-down" href="#" title="<?php echo language::translate('text_move_down', 'Move down'); ?>"><?php echo functions::draw_fonticon('fa-arrow-circle-down fa-lg', 'style="color: #3399cc;"'); ?></a>'
               + '      <a class="remove" href="#" title="<?php echo language::translate('title_remove', 'Remove'); ?>"><?php echo functions::draw_fonticon('fa-times-circle fa-lg', 'style="color: #cc3333;"'); ?></a>'
               + '    </div>'
               + '  </div>'
               + '</div>';
    $('#images .new-images').append(output);
    refreshMainImage();
  });
  
      ]]></add>
		</operation>  
      
		<operation error="log">
			<search position="replace"><![CDATA[
      <a href="#" class="add" title="<?php echo language::translate('text_add', 'Add'); ?>"><?php echo functions::draw_fonticon('fa-plus-circle', 'style="color: #66cc66;"'); ?></a>
      ]]></search>
			<add><![CDATA[
       </div>
      <a href="#" class="add" title="<?php echo language::translate('text_add', 'Add'); ?>"><?php echo functions::draw_fonticon('fa-plus-circle', 'style="color: #66cc66;"'); ?><a class="delete" style="margin-left: 20px;" href="#" title="<?php echo htmlspecialchars(language::translate('title_delete', 'Delete')); ?>"><?php echo functions::draw_fonticon('fa-trash-o', 'style="color: #cc3333;"'); ?></a>
       <div>
    
    <script>
    
    $('#images').on('click', '.delete', function(e) {
        e.preventDefault();
        $('#images .form-group').remove();
        refreshMainImage();
    }); 
    
    </script>
      ]]></add>
		</operation> 
		
		<operation error="log">
			<search position="replace" offset="2"><![CDATA[
      <label><?php echo language::translate('title_short_description', 'Short Description'); ?></label>
      ]]></search>
			<add><![CDATA[
      </div>
      ]]></add>
		</operation> 		
		
		<operation error="log">
			<search position="replace" offset="3"><![CDATA[
      <label><?php echo language::translate('title_name', 'Name'); ?></label>
      ]]></search>
			<add><![CDATA[
      <label><?php echo language::translate('title_name', 'Name'); ?></label>
        <?php foreach (array_keys(language::$languages) as $language_code) echo functions::form_draw_regional_textarea($language_code, 'name['. $language_code .']', true, 'style="height: 64px;"'); ?>
      </div>
      
      <div class="form-group">
        <label><?php echo language::translate('title_short_description', 'Short Description'); ?></label>
        <?php echo functions::form_draw_regional_textarea($language_code, 'short_description['. $language_code .']', true, 'style="height: 64px;"'); ?>
      </div>
      ]]></add>
		</operation>    		
		
      
		<operation error="log">
			<search position="after"><![CDATA[
      <li class="active"><a data-toggle="tab" href="#tab-general"><?php echo language::translate('title_general', 'General'); ?></a></li>
      ]]></search>
			<add><![CDATA[
      <li><a data-toggle="tab" href="#tab-categories"><?php echo language::translate('title_categories', 'Categories'); ?></a></li>
      ]]></add>
		</operation>
		
		<operation error="log">
			<search position="replace" offset="59"><![CDATA[
        <div class="panel-body">
      ]]></search>
			<add><![CDATA[
  <div class="panel-body">
    <?php echo functions::form_draw_form_begin('product_form', 'post', false, true); ?>

      <div class="tab-content">
        <div id="tab-general" class="tab-pane active">

          <div class="row">
            <div class="col-md-4">

              <div class="form-group">
                <label><?php echo language::translate('title_status', 'Status'); ?></label>
                <?php echo functions::form_draw_toggle('status', isset($_POST['status']) ? $_POST['status'] : '0', 'e/d'); ?>
              </div>
              
      ]]></add>
		</operation>
		
		<operation error="log">
			<search position="before"><![CDATA[
        <div id="tab-information" class="tab-pane" style="max-width: 640px;">
      ]]></search>
			<add><![CDATA[
        <div id="tab-categories" class="form-control" sstyle="overflow-y: auto; max-width: 3960px; max-height: 600px;">
        
              <div class="form-group">
                <label><?php echo language::translate('title_default_category', 'Default Category'); ?></label>
                <?php echo functions::form_draw_select_field('default_category_id', array(), true); ?>
              </div>        
        
              <div class="form-group">
                <label><?php echo language::translate('title_categories', 'Categories'); ?></label>
                <div class="form-control" style="overflow-y: auto; max-width: 3960px; max-height: 600px;">
<?php
  function custom_catalog_tree($category_id=0, $depth=1, $count=0) {

    $output = '';

    if ($category_id == 0) {
      $output .= '<div class="checkbox" id="category-id-'. $category_id .'"><label>'. functions::form_draw_checkbox('categories[]', '0', (isset($_POST['categories']) && in_array('0', $_POST['categories'], true)) ? '0' : false, 'data-name="'. htmlspecialchars(language::translate('title_root', 'Root')) .'" data-priority="0"') .' '. functions::draw_fonticon('fa-folder', 'title="'. language::translate('title_root', 'Root') .'" style="color: #cccc66;"') .' ['. language::translate('title_root', 'Root') .']</label></div>' . PHP_EOL;
    }

  // Output categories
    $categories_query = database::query(
      "select c.id, ci.name
      from ". DB_TABLE_CATEGORIES ." c
      left join ". DB_TABLE_CATEGORIES_INFO ." ci on (ci.category_id = c.id and ci.language_code = '". language::$selected['code'] ."')
      where c.parent_id = ". (int)$category_id ."
      order by c.priority asc, ci.name asc;"
    );

    while ($category = database::fetch($categories_query)) {
      $count++;

      $output .= '  <div class="checkbox"><label>'. functions::form_draw_checkbox('categories[]', $category['id'], true, 'data-name="'. htmlspecialchars($category['name']) .'" data-priority="'. $count .'"') .' '. functions::draw_fonticon('fa-folder fa-lg', 'style="color: #cccc66; margin-left: '. ($depth*1) .'em;"') .' '. $category['name'] .'</label></div>' . PHP_EOL;

      if (database::num_rows(database::query("select * from ". DB_TABLE_CATEGORIES ." where parent_id = ". (int)$category['id'] ." limit 1;")) > 0) {
        $output .= custom_catalog_tree($category['id'], $depth+1, $count);
      }
    }

    database::free($categories_query);

    return $output;
  }

  echo custom_catalog_tree();
?>
                </div>
              </div>
    </div>
              
      ]]></add>
		</operation>		
		
		
	</file>

</modification>