<?xml version="1.0" encoding="UTF-8"?>
<modification>
	<id>Customer Options</id>
	<version>2.0</version>
	<vqmver required="true">2.4.0</vqmver>
	<author>ittoysline</author>

  <file name="admin/customers.app/edit_customer.inc.php">
		<operation error="log">
			<search position="after"><![CDATA[
       if (empty($_POST['newsletter'])) $_POST['newsletter'] = 0;
      ]]></search>
			<add><![CDATA[
       if (empty($_POST['forbidden'])) $_POST['forbidden'] = 0;
       if (empty($_POST['discount_code_info'])) $_POST['discount_code_info'] = 0;
       if (empty($_POST['attempts'])) $_POST['attempts'] = 0;
      ]]></add>
		</operation>         
      
		<operation error="log">
			<search position="after" index="1"><![CDATA[
       'notes',
      ]]></search>
			<add><![CDATA[
       'forbidden',
       'discount_code_info',
       'attempts',
       
      ]]></add>
		</operation>      
      
		<operation error="log">
			<search position="before" offset="3"><![CDATA[
       <?php echo functions::form_draw_form_end(); ?>
      ]]></search>
			<add><![CDATA[
       <div class="col-md-4">
        <div class="form-group">
         <label><?php echo language::translate('title_options', 'Options'); ?></label>
         <div class="checkbox">
         <label><?php echo functions::form_draw_checkbox('forbidden', '1', true); ?> <?php echo language::translate('title_forbidden', 'Forbidden'); ?></label>
        </div>

        </br>
        <div class="form-group">
          <label><?php echo language::translate('title_discount_code_info', 'Discount Code Info'); ?></label>
          <?php echo functions::form_draw_text_field('discount_code_info', true, 'style="height: 32px;"'); ?>
        </div>      
      
        <div class="form-group">
          <label><?php echo language::translate('title_attempts_count', 'Attempts Count'); ?></label>
          <?php echo functions::form_draw_text_field('attempts', true, 'style="height: 32px;"'); ?>
        </div>
      ]]></add>
		</operation>		
	</file>		
		
  <file name="includes/entities/ent_customer.inc.php">
 		<operation error="log">
			<search position="after" ><![CDATA[    
        notes = '". database::input($this->data['notes']) ."',
      ]]></search>
			<add><![CDATA[
        forbidden = '". (!empty($this->data['forbidden']) ? '1' : '0') ."',
        discount_code_info = '". database::input($this->data['discount_code_info']) ."',
        attempts = '". database::input($this->data['attempts']) ."',
      ]]></add>
		</operation>  
	</file>

</modification>