<?xml version="1.0" encoding="UTF-8"?>
<modification>
	<id>Custom Box Product</id>
	<version>2.0</version>
	<vqmver required="true">2.4.0</vqmver>
	<author>ittoysline</author>

	<file name="includes/templates/*.catalog/views/box_product.inc.php">


		<operation error="log">
			<search position="before"><![CDATA[
      <?php if (!$catalog_only_mode) { ?>
      	]]></search>
			<add><![CDATA[
	  </br>	
      <div style="margin:0 0 1em 0; color:red;">
      <?php if ((!empty(reference::product($product_id)->prebackorder) && (!empty(reference::product($product_id)->date_valid_to <= date('Y-m-d H:i:s'))))) { ?>
      <strong><?php echo language::translate('title_closing_date', 'Closing Date:'); ?> <?php echo nl2br($date_valid_from_closing); ?></strong>
      </br>
      <strong><?php echo language::translate('title_prebackorder_closing_date', 'Closing date for'); ?> </strong>
      <?php } else if ((!empty(reference::product($product_id)->backorder) && (!empty(reference::product($product_id)->date_valid_to <= date('Y-m-d H:i:s'))))) { ?>
      <strong><?php echo language::translate('title_closing_date', 'Closing Date:'); ?> <?php echo nl2br($date_valid_from_closing); ?></strong> 
      <?php } else if ((!empty(reference::product($product_id)->preorderable) && (!empty(reference::product($product_id)->date_valid_to <= date('Y-m-d H:i:s'))))) { ?>
      <strong><?php echo language::translate('title_closing_date', 'Closing Date:'); ?> <?php echo nl2br($date_valid_from_closing); ?></strong>
      </br>
      <strong><?php echo language::translate('title_unfortunately_preorder', 'Unfortunately Pre-order'); ?> </strong>      
      <?php } else if ((!empty(reference::product($product_id)->prebackorder) && (!empty(reference::product($product_id)->date_valid_to >= date('Y-m-d H:i:s'))))) { ?>
      <strong><?php echo language::translate('title_closing_date', 'Closing Date:'); ?> <?php echo nl2br($date_valid_to_closing); ?></strong>
      <?php } ?>
      	]]></add>
		</operation>
		
		<operation error="log">
			<search position="before"><![CDATA[
      <div class="social-bookmarks text-center">
      	]]></search>
			<add><![CDATA[
      <span style=" font-size: 14px;"><?php echo language::translate('title_your_entire_order', 'Your entire order'); ?>
      	]]></add>
		</operation>
		
		<operation error="log">
			<search position="replace" offset="7"><![CDATA[
      <div class="tax" style="margin: 0 0 1em 0;">
      	]]></search>
			<add><![CDATA[
      
      	]]></add>
		</operation>			
		
		
    </file>
</modification>

<!--

 <?php if ((!empty(reference::product($product_id)->prebackorder) && (!empty(reference::product($product_id)->date_valid_to <= date('Y-m-d H:i:s'))))) { ?>
 
 -->