<?xml version="1.0" encoding="UTF-8"?>
<modification>
	<id>Custom Order History</id>
	<version>2.0</version>
	<vqmver required="true">2.4.0</vqmver>
	<author>ittoysline</author>

  <file name="includes/templates/*.catalog/pages/order_history.inc.php">
		<operation error="log">
		 <search position="after"><![CDATA[
           <h1 class="title"><?php echo language::translate('title_order_history', 'Order History'); ?></h1>
      ]]></search>
			<add><![CDATA[
		   <?php if (customer::$data->date_valid_from <= date('Y-m-d H:i:s')) { ?>	
		   <?php echo language::translate('title_discount_code','Discount Code'); ?> : <?php echo (customer::$data['discount_code_info']); ?>
           <?php } else if (customer::$data->date_valid_from >= date('Y-m-d H:i:s')) { ?>
           <?php echo language::translate('title_discount_code','Discount Code'); ?> :
           <?php } ?>
		   </br>
		   </br>
      ]]></add>
		</operation>      
		
		<operation error="log">
		 <search position="replace" offset="6"><![CDATA[
       <td class="text-right"><a href="<?php echo htmlspecialchars($order['printable_link']); ?>" target="_blank"><?php echo functions::draw_fonticon('fa-print'); ?></a></td>
      ]]></search>
			<add><![CDATA[
	   <td class="text-right"><a href="<?php echo htmlspecialchars($order['printable_link']); ?>" target="_blank"><?php echo functions::draw_fonticon('fa-print'); ?></a></td>
		</td>
      </tr>
	  
	<!-- DETAIL's of PRODUCT's -->
	<?php if (isset($order['items'])) {?>
	  <tr>
		<td colspan="5">
			<details <?php if (!isset($firstRound) || $firstRound == true) echo "open";?>>
				<summary><?php echo language::translate('title_products','Products'); ?></summary>
					<table class="OrderHistorySummary table table-striped table-hover data-table">
						<thead>
							<tr>
							    <th><?php echo language::translate('title_status','Delivery Status'); ?></th>
								<th><?php echo language::translate('title_quantity','Quantity'); ?></th>
								<th><?php echo language::translate('title_description','Description'); ?></th>
								<th class="text-right"><?php echo language::translate('title_unit_price','Unit Price'); ?></th>
								<th><?php echo language::translate('title_total','Total'); ?></th>
							</tr>
						</thead>
						<tbody>
						<?php 
						// INIT ITEM'S
						$items = $order['items'];
						
						$firstRound = false;
						$sum = 0;
						
						//echo "<pre>" . print_r($order["order_totals"] , true) . "</pre>";

						// PRINT ITEMS - ROW's
						foreach ($items as $item) {
							$unit_price = (double) $item['price'] + $item['tax'];
							//	echo "<pre>" . print_r($item, true) . "</pre>";
							// DESCRIPTION Translation
							$short_desciption = (isset($item['name'])) ? $item['name'] : language::translate('text_view_full_page', 'View full page');
							// TOTAL per Item
							$total = 0;// reset
							$total = $unit_price * (int) $item['quantity'];
							// ADD for SUBTOTAL
							$sum += $total;
							// PRINT

									// GET INFOs about PRODUCT
										$prod = new ctrl_product();
										$prod->load((int)$item['product_id']);
									//	echo "<pre>" . print_r($prod->data, true) . "</pre>";
									//	echo "<pre>" . print_r($item, true) . "</pre>";
									
									// SHORT_DESC Translation
										$short_desciption = (isset($prod->data['short_description'][$_SESSION['language']['code']])) ? $prod->data['short_description'][$_SESSION['language']['code']] : "Failure while loading translation!";
										$name = (isset($prod->data['name'][$_SESSION['language']['code']])) ? $prod->data['name'][$_SESSION['language']['code']] : "Failure while loading translation!";
										$delivery_status_info = (isset($prod->data['delivery_status_info'])) ? $prod->data['delivery_status_info']: "Failure while loading translation!";
										$discount_description = (isset($prod->data['discount_description'][$_SESSION['language']['code']])) ? $prod->data['discount_description'][$_SESSION['language']['code']] : "Failure while loading translation!";
									// TOTAL pP
										$total = 0;// reset
										$total = $unit_price * (int) $item['quantity'];

									// <td class="delivery_status"><?php echo $prod->data['delivery_status']; 
									?>						
						
							<tr class="articleOHS">
							    <td><?php echo $delivery_status_info; ?></td>
								<td>&nbsp;&nbsp;&nbsp;&nbsp;&nbsp;&nbsp;<?php echo (int) $item['quantity'];?></td>
								<td><?php echo '<a target="_blank" href="' . document::href_ilink('product', array('product_id' => (int)$item['product_id']), false) . '">' . $name . '</a>';// SHORT DESCRIPTION ?><br /><?php echo $item['sku'];?></td>
								<td class="text-right"><?php echo currency::format($unit_price);?></td>
								<td><?php echo currency::format($total);?></td>
							</tr>
						<?php } ?>
						<!-- Subtotal -->
							<tr class="finalAOHS" id="ohs_subtotal" >
								<td class="text-right" colspan="4"><?php echo language::translate('title_subtotal', 'Subtotal');?> :</td>
								<td><?php echo currency::format($sum); ?></td>
							</tr>
						
						<!-- Fee's -->
						<?php 
							$fee1 = $order['shipping_fee'];
							$fee2 = $order['payment_fee'];
							$fee3 = $order['customer_discount'];
							$fee4 = $order['installment_fee'];
							$fee5 = $order['paid_fee'];
							$fee6 = $order['discount_code'];
							$fee7 = $order['guest_discount'];
							
							foreach ($order["order_totals"] as $fee) { 
								$fees += $fee['value'] + $fee1['value'] + $fee2['value'] + $fee3['value'] + $fee6['value'] + $fee7['value'] +$fee['tax'];
						?>
							<tr class="finalAOHS" id="ohs_fees">
								<td class="text-right" colspan="4"><?php echo $fee['title']; ?> :</td>
								<td class="text-right"><?php echo !empty(customer::$data['display_prices_including_tax']) ? currency::format($fee['value'] + $fee['tax'], false) : currency::format($fee['value'], false); ?></td>
							</tr>
							<?php }	?>


						
						<!-- Total -->
							<tr class="finalAOHS" id="ohs_total">
								<td colspan="3"></td>
								<td class="text-right"><strong><?php echo language::translate('title_grand_total', 'Grand Total');?> :</strong></td>
								<td><strong><?php echo currency::format(($sum + $fee1 + $fee2)); ?></strong></td>
							</tr>
								<tr class="finalAOHS" id="ohs_total">
								<td colspan="3"></td>
								<td class="text-right"><?php echo language::translate('title_payment_made', 'Payment Made');?> :</td>
								<td><?php echo currency::format(($fee3) + ($fee7) + ($fee6)); ?></td>
							</tr>
								<tr class="finalAOHS" id="ohs_total">
								<td colspan="3"><?php if (isset($order['tracking_id']) && $order['tracking_id'] != '') echo language::translate('title_shipping_tracking_id', 'Shipping Tracking ID') . ": " . $order['tracking_id'];?></td>
								<td class="text-right"><?php echo language::translate('title_payment_due', 'Payment Due');?> :</td>
								<td><?php echo currency::format((($sum + $fee1 + $fee2) - ($fee3))); ?></td>
							</tr>
						</tbody>
					</table>
			</details>
		</td>
	  </tr>
      <?php }} ?>
      </tbody>
    </table>
	<style>
	
		/* DETAILs */
		details summary {
			padding-left: 15px;
		}
		
		/* TABLE of Products */
			/* thead */
			.OrderHistorySummary thead th {
				border-right: 1px solid black;
			}
		
			/* scope-border */ 
			.OrderHistorySummary {
				border: 1px solid black;
			}
		
			/* Orient last columnt to rigth (Money values) */
			.articleOHS td:last-of-type,
			.articleOHS td:nth-last-child(2),
			.finalAOHS {
				text-align: right;
			}
			
			
			
			/* Articles */
				.articleOHS {
					border-bottom: 1px solid black;
					line-height: 0px;
				}
				
				/* column borders */
				.articleOHS td {
					border-right: 1px solid black;
				}
			
			/* Border before Total */
			.finalAOHS td {
				border-right: none;
			}
			
			/* Border between Final Text and $ */
			.finalAOHS td:nth-last-child(2) {
				border-right: 1px solid black;
				text-align: right;
			}
			
			/* Subtotal */
			.finalAOHS#ohs_subtotal td:last-of-type {
				border-top: 1px solid black;
				border-bottom: 1px solid black;
			}
			
			/* Total */
			.finalAOHS#ohs_total td:last-of-type {
				border-top: 1px solid black;
			}
			
			/* Tracking ID */
			.finalAOHS#ohs_total td:first-of-type {
				text-align: center;
			}

	</style>  
      ]]></add>
		</operation>      
	</file>

    <file name="includes/entities/ent_product.inc.php">
        <operation error="log">
            <search position="after"><![CDATA[
      $this->data['keywords'] = !empty($this->data['keywords']) ? explode(',', $this->data['keywords']) : array();
      ]]></search>
            <add><![CDATA[
      // Delivery status
      $delivery_statusinfo_query = database::query("select * from ".DB_TABLE_DELIVERY_STATUSES_INFO."
         where id = '".$this->data['delivery_status_id']."';"
      );
      while ($delivery_statusinfo = database::fetch($delivery_statusinfo_query)){
          $this->data['delivery_status_info'] = $delivery_statusinfo['name'];
      }
      ]]></add>
        </operation>
    </file>
    
	<file name="pages/order_history.inc.php">
		<operation error="log" info="Get Orders into $orderx and extract essential information">
			<search position="after">
				<![CDATA[
					while ($order = database::fetch($orders_query)) {
				]]>
			</search>
			<add>
				<![CDATA[
					$orderx 	= new ctrl_order($order['id']);
					$items 		= (isset($orderx->data['items'])) ? $orderx->data['items'] : [];
					$tracking_id  = (isset($orderx->data['shipping_tracking_id'])) ? $orderx->data['shipping_tracking_id'] : '';
					$order_totals = array_slice($orderx->data['order_total'], 1);
				]]>
			</add>
		</operation>

		<operation error="log" info="Add values to array => for usage with template">
			<search position="after">
				<![CDATA[
					'payment_due' => currency::format($order['payment_due'], false, $order['currency_code'], $order['currency_value']),
				]]>
			</search>
			<add>
				<![CDATA[
					'items' => $items,
					'order_totals' => $order_totals,
					'tracking_id' => $tracking_id,
					'description' => '',
					'items' => $items,
					'payment_fee' => $payment_fee,
					'shipping_fee' => $shipping_fee,
					'customer_discount' => $customer_discount,
					'discount_code' => $discount_code,
                    'discount_nth_item' => $discount_nth_item,					
					'fees' => $fees,
					'fees1' => $fees1,
					'fees2' => $fees2,
					'fees3' => $fees3,
					'fees4' => $fees4,
					'tracking_id' => $tracking_id,
					'installment_fee' => $installment_fee,
					'paid_fee' => $paid_fee,
				]]>
			</add>
		</operation>
	</file>
	
		<file name="pages/order_history.inc.php">
		<operation error="log" info="Add required data structures">
			<search position="replace">
				<![CDATA[
					$_page->snippets['orders'][]
				]]>
			</search>
			<add>
				<![CDATA[
					// Hole alle Infos nach Bestellungs ID
					$orderx 	= new ctrl_order($order['id']);
					$items 		= (isset($orderx->data['items'])) ? $orderx->data['items'] : [];
					$tracking_id  = (isset($orderx->data['shipping_tracking_id'])) ? $orderx->data['shipping_tracking_id'] : '';
					$order_totals = array_slice($orderx->data['order_total'], 1);// Hole alles außer Zwischensumme (1.)

//					echo "<pre>" . print_r($orderx, true) . "</pre>";
//					exit;
					
					//Preset Vars
					$customer_discount = 0;
					$discount_code = 0;
					$discount_nth_item = 0;
					$shipping_fee = 0;
					$payment_fee = 0;
					$fees = 0;
					$installment_fee = 0;
					$paid_fee = 0;

					foreach ($order_totals as $value) {
						if (strpos($value["module_id"], 'payment') !== false) {
							$subval = (double) (isset($value["value"])) ? $value["value"] : 0; 
							$tax 	= (double) (isset($value["tax"])) ? $value["tax"] : 0; 
							$payment_fee 	+= $subval + $tax;
							
						} else if (strpos($value["module_id"], 'shipping') !== false) {
							$subval = (double) (isset($value["value"])) ? $value["value"] : 0; 
							$tax 	= (double) (isset($value["tax"])) ? $value["tax"] : 0; 
							$shipping_fee 	+= $subval + $tax;
							
						} else if (strpos($value["module_id"], 'customer_discount') !== false) {
							$subval = (double) (isset($value["value"])) ? $value["value"] : 0; 
							$tax 	= (double) (isset($value["tax"])) ? $value["tax"] : 0; 
							$customer_discount 	-= (-$subval + $tax);	
							
						} else if (strpos($value["module_id"], 'discount_nth_item') !== false) {
							$subval = (double) (isset($value["value"])) ? $value["value"] : 0; 
							$tax 	= (double) (isset($value["tax"])) ? $value["tax"] : 0; 
							$discount_nth_item 	-= $subval + $tax;								

						} else if (strpos($value["module_id"], 'discount_code') !== false) {
							$subval = (double) (isset($value["value"])) ? $value["value"] : 0; 
							$tax 	= (double) (isset($value["tax"])) ? $value["tax"] : 0; 
							$discount_code 	-= $subval + $tax;								
							
						} else if (strpos($value["module_id"], 'installment') !== false) {
							$subval = (double) (isset($value["value"])) ? $value["value"] : 0; 
							$tax 	= (double) (isset($value["tax"])) ? $value["tax"] : 0; 
							$installment_fee 	+= $subval + $tax;
							
						} else {
							$subval = (double) (isset($value["value"])) ? $value["value"] : 0; 
							$tax 	= (double) (isset($value["tax"])) ? $value["tax"] : 0; 
							$fees 			+= $subval + $tax;
						}						
					}
						
					$_page->snippets['orders'][]
				]]>
			</add>
		</operation>
		

	</file>    
</modification>