<?xml version="1.0" encoding="UTF-8"?>
<modification>
	<id>Custom Customers</id>
	<version>2.0</version>
	<vqmver required="true">2.4.0</vqmver>
	<author>ittoysline</author>



  <file name="admin/customers.app/customers.inc.php">
		<operation error="log">
			<search position="replace"><![CDATA[
      <th><?php echo language::translate('title_name', 'Name'); ?></th>
      ]]></search>
			<add><![CDATA[
      <th><?php echo language::translate('title_name', 'Name / Email'); ?></th>
      ]]></add>
		</operation>
		
		<operation error="log">
			<search position="replace" offset="1"><![CDATA[
      <th><?php echo language::translate('title_email', 'Email'); ?></th>
      ]]></search>
			<add><![CDATA[
      
      ]]></add>
		</operation>
		
		<operation error="log">
			<search position="replace" offset="1"><![CDATA[
      <td><a href="<?php echo document::href_link('', array('doc' => 'edit_customer', 'customer_id' => $customer['id']), true); ?>"><?php echo $customer['email']; ?></a></td>
      ]]></search>
			<add><![CDATA[
      
      ]]></add>
		</operation>

		<operation error="log">
			<search position="replace" offset=""><![CDATA[
      <th class="main"><?php echo language::translate('title_company', 'Company'); ?></th>
      ]]></search>
			<add><![CDATA[
      <th class="main"></td>
      ]]></add>
		</operation>

		<operation error="log">
			<search position="before" offset=""><![CDATA[
      <th class="text-center"><?php echo language::translate('title_date_registered', 'Date Registered'); ?></th>
      ]]></search>
			<add><![CDATA[
      <th><?php echo language::translate('title_attempts', 'Attempts'); ?></th>
      ]]></add>
		</operation>
		
		<operation error="log">
			<search position="before"><![CDATA[
      <td class="text-right"><?php echo language::strftime(language::$selected['format_datetime'], strtotime($customer['date_created'])); ?></td>
      ]]></search>
			<add><![CDATA[
      <td class="text-center"><?php echo $customer['attempts']; ?></td>
      ]]></add>
		</operation>			
		
		<operation error="log">
			<search position="replace" offset=""><![CDATA[
      <td><?php echo $customer['company']; ?></td>
      ]]></search>
			<add><![CDATA[
      <td></td>
      ]]></add>
		</operation>		
		
		<operation error="log">
			<search position="after"><![CDATA[
       <td><?php echo $customer['id']; ?></td>
      ]]></search>
			<add><![CDATA[
       <td>
       <strong><?php echo $customer['firstname'] .' '. $customer['lastname']; ?></strong></br>
       <span style="color:#0257E8"><?php echo $customer['email']; ?></br>
       <a href="<?php echo document::href_link('', array('doc' => 'edit_customer', 'customer_id' => $customer['id']), true); ?>">
       <span style="color:#A800FF"><?php echo $customer['phone']; ?></span></br>
       <span style="color:#000000"><?php echo $customer['company']; ?></span>
       </div>
       </td>
       
      ]]></add>
		</operation>
		
<!-- Change Customers Group Status -->

   <operation error="log">
        <search position="before"><![CDATA[
     $customers = array();
          ]]></search>
          <add><![CDATA[
     if (!empty($_POST['set_customer_groups'])) {
       try {
           if (empty($_POST['customers'])) throw new Exception(language::translate('error_must_select_customer', 'You must select a customer to perform the operation'));
        
           foreach ($_POST['customers'] as $customer_id) {
               $customer = new ctrl_customer($customer_id);
               $customer->data['customer_group_id'] = $_POST['customer_group_id'];
               $customer->save();
           }

           notices::add('success', language::translate('success_changes_saved', 'Changes saved'));

       } catch(Exception $e) {
           notices::$data['errors'][] = $e->getMessage();
       }
   }
      ]]></add>
    </operation>  

    <operation error="log">
      <search position="before"><![CDATA[
          <div class="btn-group">
      ]]></search>
      <add><![CDATA[
      <fieldset>
        <legend><?php echo language::translate('title_customer_status', 'Customer Status'); ?></legend>
            <div class="input-group">
                <?php echo functions::form_draw_customer_groups_list('customer_group_id', true); ?>
                <span class="input-group-btn">
            <button class="btn btn-default" name="set_customer_groups" value="true" type="submit" formtarget="_self">
            <?php echo language::translate('title_set', 'Set'); ?></button>
          </span>
        </div>
      </fieldset>
      </br>
      ]]></add>
    </operation> 

	
    <operation error="log">
      <search position="after"><![CDATA[
          <?php echo functions::draw_pagination(ceil(database::num_rows($customers_query)/settings::get('data_table_rows_per_page'))); ?>
      ]]></search>
      <add><![CDATA[
    <script>
        $('select[name="customer_group_id"] option[value=""]').text('-- <?php echo language::translate('title_customer_groups', ''); ?> --');

        $('.data-table input[name^="customers["]').change(function() {
            if ($('.data-table input[name^="customers["]:checked').length > 0) {
                $('#order-actions>li button').removeAttr('disabled');
            } else {
             $('#order-actions>li button').attr('disabled', 'disabled');
            }
        }).trigger('change');

    </script>
      ]]></add>
    </operation> 

	</file>

</modification>