<?xml version="1.0" encoding="UTF-8"?>
<modification>
  <id>Custom Default Layout</id>
  <version>2.0</version>
  <vqmver required="true">2.4.0</vqmver>
  <author>ittoysline</author>

 
  <file name="includes/templates/*.catalog/layouts/default.inc.php">
    <operation error="log">
      <search position="after"><![CDATA[
       <div id="page" class="twelve-eighty">
      ]]></search>
      <add><![CDATA[
  </br>
      ]]></add>
    </operation>      
      
    <operation error="log">
      <search position="replace" offset="12"><![CDATA[
       <header id="header" class="hidden-print">
      ]]></search>
      <add><![CDATA[
  <header id="header" class="row nowrap center">
        <div class="col-xs-auto text-center">
    <a class="logotype" href="<?php echo document::href_ilink(''); ?>">
     <img src="<?php echo document::href_link('images/logotype.png'); ?>" alt="<?php echo settings::get('store_name'); ?>" title="<?php echo settings::get('store_name'); ?>" />
    </a>
        </div>
  </header>
<!--    <header id="header1" class="row nowrap center"> -->
        <div class="col-xs-auto text-right">
            <div id="box_cart">
                <?php include vmod::check(FS_DIR_APP . 'includes/boxes/box_cart.inc.php'); ?>
            </div>
        </div>
    </header>
      ]]></add>
    </operation>
  </file>

</modification>