<?xml version="1.0" encoding="UTF-8"?>
<modification>
  <id>Customer Group Prices</id>
  <version>2.1.1</version>
  <vqmver required="true">2.4.0</vqmver>
  <author>tim-international.net</author>

  <file name="admin/catalog.app/edit_product.inc.php">
    <operation error="log">
      <search position="after"><![CDATA[
      if (empty($_POST['images'])) $_POST['images'] = array();
      ]]></search>
      <add><![CDATA[
      if (empty($_POST['customer_group_prices'])) $_POST['customer_group_prices'] = array();
      ]]></add>
    </operation>

    <operation error="log">
      <search position="after" index="1"><![CDATA[
    'prices',
      ]]></search>
      <add><![CDATA[
    'customer_group_prices',
      ]]></add>
    </operation>

    <operation error="log">
      <search position="before"><![CDATA[
        <h2><?php echo language::translate('title_campaigns', 'Campaigns'); ?></h2>
      ]]></search>
      <add><![CDATA[
<style>
#customer-group-prices td:not(:last-child){
  width: 320px;
}
</style>

        <h2><?php echo language::translate('title_customer_group_prices', 'Customer Group Prices'); ?></h2>

        <table id="customer-group-prices" class="table table-striped data-table">
          <thead>
            <tr>
              <th style="width: 320px;"><?php echo language::translate('title_customer_group', 'Customer Group'); ?></th>
              <th style="width: 220px;"><?php echo language::translate('title_start_date', 'Start Date'); ?></th>
              <th style="width: 220px;"><?php echo language::translate('title_end_date', 'End Date'); ?></th>
              <th style="width: 320px;"><?php echo settings::get('store_currency_code'); ?></th>
              <?php foreach (array_keys(currency::$currencies) as $currency_code) { if ($currency_code == settings::get('store_currency_code')) continue; ?>
              <th style="width: 320px;"><?php echo $currency_code; ?></th>
              <?php } ?>
              <th></th>
            </tr>
          </thead>
          <tbody>
          <?php if (!empty($_POST['customer_group_prices'])) foreach (array_keys($_POST['customer_group_prices']) as $key) { ?>
            <tr>

              <td><?php echo functions::form_draw_hidden_field('customer_group_prices['.$key.'][id]', true) . functions::form_draw_customer_groups_list('customer_group_prices['.$key.'][customer_group_id]', true); ?></td>
              <td>
                <?php echo functions::form_draw_datetime_field('customer_group_prices['.$key.'][start_date]', true); ?>
              </td>
              <td>
                <?php echo functions::form_draw_datetime_field('customer_group_prices['.$key.'][end_date]', true); ?>
              </td>
              <?php foreach (array_keys(currency::$currencies) as $currency_code) { ?>
              <td><?php echo functions::form_draw_currency_field($currency_code, 'customer_group_prices['.$key.']['. $currency_code. ']', isset($_POST['customer_group_prices'][$key][$currency_code]) ? number_format($_POST['customer_group_prices'][$key][$currency_code], 4, '.', '') : '', 'data-size="small"'); ?></td>
              <?php } ?>
              <td class="text-right"><a class="remove" href="#" title="<?php echo htmlspecialchars(language::translate('title_remove', 'Remove')); ?>"><?php echo functions::draw_fonticon('fa-times-circle fa-lg', 'style="color: #cc3333;"'); ?></a></td>
            </tr>
            <?php } ?>
          </tbody>
             <tfoot>
            <tr>
              <td colspan="5"><a class="add" href="#" title="<?php echo htmlspecialchars(language::translate('title_add', 'Add')); ?>"><?php echo functions::draw_fonticon('fa-plus-circle', 'style="color: #66cc66;"'); ?></a><a class="delete" style="margin-left: 20px;" href="#" title="<?php echo htmlspecialchars(language::translate('title_delete', 'Delete')); ?>"><?php echo functions::draw_fonticon('fa-trash-o', 'style="color: #cc3333;"'); ?></a></td>
            </tr>
          </tfoot>
        </table>

<script>
  $('body').on('keyup change', 'input[name^="customer_group_prices"][name$="[<?php echo settings::get('store_currency_code'); ?>]"]', function() {
    var parent = $(this).closest('tr');
    var percentage = ($('input[name="prices[<?php echo settings::get('store_currency_code'); ?>]"]').val() - $(this).val()) / $('input[name="prices[<?php echo settings::get('store_currency_code'); ?>]"]').val() * 100;
    percentage = Number(percentage).toFixed(2);
    $(parent).find('input[name$="[percentage]"]').val(percentage);

    <?php foreach (currency::$currencies as $currency) { ?>
    var value = 0;
    value = $(parent).find('input[name^="customer_group_prices"][name$="[<?php echo settings::get('store_currency_code'); ?>]"]').val() * <?php echo $currency['value']; ?>;
    value = Number(value).toFixed(<?php echo $currency['decimals']; ?>);
    $(parent).find('input[name^="customer_group_prices"][name$="[<?php echo $currency['code']; ?>]"]').attr('placeholder', value);
    if ($(parent).find('input[name^="customer_group_prices"][name$="[<?php echo $currency['code']; ?>]"]').val() == 0) {
      $(parent).find('input[name^="customer_group_prices"][name$="[<?php echo $currency['code']; ?>]"]').val('');
    }
    <?php } ?>
  });
  $('input[name^="customer_group_prices"][name$="[<?php echo settings::get('store_currency_code'); ?>]"]').trigger('keyup');

  $('#customer-group-prices').on('click', '.remove', function(e) {
    e.preventDefault();
    $(this).closest('tr').remove();
  });
  $('#customer-group-prices').on('click', '.delete', function(e) {
    e.preventDefault();
    $('#customer-group-prices tbody tr').remove();
});

  var new_customer_group_price_i = 1;
  $('#customer-group-prices').on('click', '.add', function(e) {
    e.preventDefault();
    var output = '<tr>'
               + '  <td><?php echo functions::general_escape_js(functions::form_draw_hidden_field('customer_group_prices[new_customer_group_price_i][id]', '') . functions::form_draw_customer_groups_list('customer_group_prices[new_customer_group_price_i][customer_group_id]', '1')); ?></td>'
               + '<td><?php echo functions::general_escape_js(functions::form_draw_datetime_field('customer_group_prices[new_customer_group_price_i][start_date]', true, '', 'customer_group_1')); ?></td>'
               + '<td><?php echo functions::general_escape_js(functions::form_draw_datetime_field('customer_group_prices[new_customer_group_price_i][end_date]', true, '', 'customer_group_1')); ?></td>'
               <?php foreach (array_keys(currency::$currencies) as $currency_code) { ?>
               + '  <td><?php echo functions::general_escape_js(functions::form_draw_currency_field($currency_code, 'customer_group_prices[new_customer_group_price_i]['. $currency_code .']', '', 'data-size="small"')); ?></td>'
               <?php } ?>
               + '  <td class="text-right"><a class="remove" href="#" title="<?php echo htmlspecialchars(language::translate('title_remove', 'Remove')); ?>"><?php echo functions::draw_fonticon('fa-times-circle fa-lg', 'style="color: #cc3333;"'); ?></a></td>'
               + '</tr>';
   while ($('input[name="customer_group_prices[new_'+new_customer_group_price_i+']"]').length) new_customer_group_price_i++;
    output = output.replace(/new_customer_group_price_i/g, 'new_' + new_customer_group_price_i);
    $('#customer-group-prices tbody').append(output);
    new_customer_group_price_i++;
  });  
  
  var new_customer_group_price_i = 1;
  $('#customer-group-prices').on('click', '.add', function(e) {
    e.preventDefault();
    var output = '<tr>'
               + '  <td><?php echo functions::general_escape_js(functions::form_draw_hidden_field('customer_group_prices[new_customer_group_price_i][id]', '') . functions::form_draw_customer_groups_list('customer_group_prices[new_customer_group_price_i][customer_group_id]', '2')); ?></td>'
               + '<td><?php echo functions::general_escape_js(functions::form_draw_datetime_field('customer_group_prices[new_customer_group_price_i][start_date]', true, '', 'customer_group_2')); ?></td>'
               + '<td><?php echo functions::general_escape_js(functions::form_draw_datetime_field('customer_group_prices[new_customer_group_price_i][end_date]', true, '', 'customer_group_2')); ?></td>'
               <?php foreach (array_keys(currency::$currencies) as $currency_code) { ?>
               + '  <td><?php echo functions::general_escape_js(functions::form_draw_currency_field($currency_code, 'customer_group_prices[new_customer_group_price_i]['. $currency_code .']', '', 'data-size="small"')); ?></td>'
               <?php } ?>
               + '  <td class="text-right"><a class="remove" href="#" title="<?php echo htmlspecialchars(language::translate('title_remove', 'Remove')); ?>"><?php echo functions::draw_fonticon('fa-times-circle fa-lg', 'style="color: #cc3333;"'); ?></a></td>'
               + '</tr>';
   while ($('input[name="customer_group_prices[new_'+new_customer_group_price_i+']"]').length) new_customer_group_price_i++;
    output = output.replace(/new_customer_group_price_i/g, 'new_' + new_customer_group_price_i);
    $('#customer-group-prices tbody').append(output);
    new_customer_group_price_i++;
  });  
  
  var new_customer_group_price_i = 1;
  $('#customer-group-prices').on('click', '.add', function(e) {
    e.preventDefault();
    var output = '<tr>'
               + '  <td><?php echo functions::general_escape_js(functions::form_draw_hidden_field('customer_group_prices[new_customer_group_price_i][id]', '') . functions::form_draw_customer_groups_list('customer_group_prices[new_customer_group_price_i][customer_group_id]', '3')); ?></td>'
               + '<td><?php echo functions::general_escape_js(functions::form_draw_datetime_field('customer_group_prices[new_customer_group_price_i][start_date]', true, '', 'customer_group_3')); ?></td>'
               + '<td><?php echo functions::general_escape_js(functions::form_draw_datetime_field('customer_group_prices[new_customer_group_price_i][end_date]', true, '', 'customer_group_3')); ?></td>'
               <?php foreach (array_keys(currency::$currencies) as $currency_code) { ?>
               + '  <td><?php echo functions::general_escape_js(functions::form_draw_currency_field($currency_code, 'customer_group_prices[new_customer_group_price_i]['. $currency_code .']', '', 'data-size="small"')); ?></td>'
               <?php } ?>
               + '  <td class="text-right"><a class="remove" href="#" title="<?php echo htmlspecialchars(language::translate('title_remove', 'Remove')); ?>"><?php echo functions::draw_fonticon('fa-times-circle fa-lg', 'style="color: #cc3333;"'); ?></a></td>'
               + '</tr>';
   while ($('input[name="customer_group_prices[new_'+new_customer_group_price_i+']"]').length) new_customer_group_price_i++;
    output = output.replace(/new_customer_group_price_i/g, 'new_' + new_customer_group_price_i);
    $('#customer-group-prices tbody').append(output);
    new_customer_group_price_i++;
  });  
  
  var new_customer_group_price_i = 1;
  $('#customer-group-prices').on('click', '.add', function(e) {
    e.preventDefault();
    var output = '<tr>'
               + '  <td><?php echo functions::general_escape_js(functions::form_draw_hidden_field('customer_group_prices[new_customer_group_price_i][id]', '') . functions::form_draw_customer_groups_list('customer_group_prices[new_customer_group_price_i][customer_group_id]', '4')); ?></td>'
               + '<td><?php echo functions::general_escape_js(functions::form_draw_datetime_field('customer_group_prices[new_customer_group_price_i][start_date]', true, '', 'customer_group_4')); ?></td>'
               + '<td><?php echo functions::general_escape_js(functions::form_draw_datetime_field('customer_group_prices[new_customer_group_price_i][end_date]', true, '', 'customer_group_4')); ?></td>'
               <?php foreach (array_keys(currency::$currencies) as $currency_code) { ?>
               + '  <td><?php echo functions::general_escape_js(functions::form_draw_currency_field($currency_code, 'customer_group_prices[new_customer_group_price_i]['. $currency_code .']', '', 'data-size="small"')); ?></td>'
               <?php } ?>
               + '  <td class="text-right"><a class="remove" href="#" title="<?php echo htmlspecialchars(language::translate('title_remove', 'Remove')); ?>"><?php echo functions::draw_fonticon('fa-times-circle fa-lg', 'style="color: #cc3333;"'); ?></a></td>'
               + '</tr>';
   while ($('input[name="customer_group_prices[new_'+new_customer_group_price_i+']"]').length) new_customer_group_price_i++;
    output = output.replace(/new_customer_group_price_i/g, 'new_' + new_customer_group_price_i);
    $('#customer-group-prices tbody').append(output);
    new_customer_group_price_i++;
  });  
  
  var new_customer_group_price_i = 1;
  $('#customer-group-prices').on('click', '.add', function(e) {
    e.preventDefault();
    var output = '<tr>'
               + '  <td><?php echo functions::general_escape_js(functions::form_draw_hidden_field('customer_group_prices[new_customer_group_price_i][id]', '') . functions::form_draw_customer_groups_list('customer_group_prices[new_customer_group_price_i][customer_group_id]', '5')); ?></td>'
               + '<td><?php echo functions::general_escape_js(functions::form_draw_datetime_field('customer_group_prices[new_customer_group_price_i][start_date]', true, '', 'customer_group_5')); ?></td>'
               + '<td><?php echo functions::general_escape_js(functions::form_draw_datetime_field('customer_group_prices[new_customer_group_price_i][end_date]', true, '', 'customer_group_5')); ?></td>'
               <?php foreach (array_keys(currency::$currencies) as $currency_code) { ?>
               + '  <td><?php echo functions::general_escape_js(functions::form_draw_currency_field($currency_code, 'customer_group_prices[new_customer_group_price_i]['. $currency_code .']', '', 'data-size="small"')); ?></td>'
               <?php } ?>
               + '  <td class="text-right"><a class="remove" href="#" title="<?php echo htmlspecialchars(language::translate('title_remove', 'Remove')); ?>"><?php echo functions::draw_fonticon('fa-times-circle fa-lg', 'style="color: #cc3333;"'); ?></a></td>'
               + '</tr>';
   while ($('input[name="customer_group_prices[new_'+new_customer_group_price_i+']"]').length) new_customer_group_price_i++;
    output = output.replace(/new_customer_group_price_i/g, 'new_' + new_customer_group_price_i);
    $('#customer-group-prices tbody').append(output);
    new_customer_group_price_i++;
  });

  var new_customer_group_price_i = 1;
  $('#customer-group-prices').on('click', '.add', function(e) {
    e.preventDefault();
    var output = '<tr>'
               + '  <td><?php echo functions::general_escape_js(functions::form_draw_hidden_field('customer_group_prices[new_customer_group_price_i][id]', '') . functions::form_draw_customer_groups_list('customer_group_prices[new_customer_group_price_i][customer_group_id]', '6')); ?></td>'
               + '<td><?php echo functions::general_escape_js(functions::form_draw_datetime_field('customer_group_prices[new_customer_group_price_i][start_date]', true, '', 'customer_group_6')); ?></td>'
               + '<td><?php echo functions::general_escape_js(functions::form_draw_datetime_field('customer_group_prices[new_customer_group_price_i][end_date]', true, '', 'customer_group_6')); ?></td>'
               <?php foreach (array_keys(currency::$currencies) as $currency_code) { ?>
               + '  <td><?php echo functions::general_escape_js(functions::form_draw_currency_field($currency_code, 'customer_group_prices[new_customer_group_price_i]['. $currency_code .']', '', 'data-size="small"')); ?></td>'
               <?php } ?>
               + '  <td class="text-right"><a class="remove" href="#" title="<?php echo htmlspecialchars(language::translate('title_remove', 'Remove')); ?>"><?php echo functions::draw_fonticon('fa-times-circle fa-lg', 'style="color: #cc3333;"'); ?></a></td>'
               + '</tr>';
   while ($('input[name="customer_group_prices[new_'+new_customer_group_price_i+']"]').length) new_customer_group_price_i++;
    output = output.replace(/new_customer_group_price_i/g, 'new_' + new_customer_group_price_i);
    $('#customer-group-prices tbody').append(output);
    new_customer_group_price_i++;
  });
</script>

      ]]></add>
    </operation>
  </file>

  <file name="includes/entities/ent_currency.inc.php">
    <operation error="log">
      <search position="after" offset="1"><![CDATA[
            throw new Exception('Cannot rename the store currency.');
      ]]></search>
      <add><![CDATA[
            database::query(
              "alter table ". DB_TABLE_PRODUCTS_PRICES_BY_CUSTOMER_GROUP ."
              change `". database::input($currency['code']) ."` `". database::input($this->data['code']) ."` decimal(11, 4) not null;"
            );
      ]]></add>
    </operation>

    <operation error="log">
      <search position="after" offset="1"><![CDATA[
        $this->data['id'] = database::insert_id();
      ]]></search>
      <add><![CDATA[

      $products_prices_query = database::query(
        "show fields from ". DB_TABLE_PRODUCTS_PRICES_BY_CUSTOMER_GROUP ."
        where `Field` = '". database::input($this->data['code']) ."';"
      );
      if (database::num_rows($products_prices_query) == 0) {
        database::query(
          "alter table ". DB_TABLE_PRODUCTS_PRICES_BY_CUSTOMER_GROUP ."
          add `". database::input($this->data['code']) ."` decimal(11, 4) not null;"
        );
      }
      ]]></add>
    </operation>
  </file>

  <file name="includes/entities/ent_product.inc.php">
    <operation error="log">
      <search position="after"><![CDATA[
      $this->data['prices'] = array();
      ]]></search>
      <add><![CDATA[
      $this->data['customer_group_prices'] = array();
      ]]></add>
    </operation>

    <operation error="log">
      <search position="before" offset="1"><![CDATA[
      $product_campaigns_query = database::query(
      ]]></search>
      <add><![CDATA[
      $product_customer_group_prices_query = database::query(
        "select * from ". DB_TABLE_PRODUCTS_PRICES_BY_CUSTOMER_GROUP ."
        where product_id = '". (int)$this->data['id'] ."'
        order by customer_group_id;"
      );
      while ($customer_group_price = database::fetch($product_customer_group_prices_query)) {
        $this->data['customer_group_prices'][$customer_group_price['id']] = $customer_group_price;
      }

      ]]></add>
    </operation>

    <operation error="log">
      <search position="after" offset="5"><![CDATA[
          "update ". DB_TABLE_PRODUCTS_PRICES ." set
      ]]></search>
      <add><![CDATA[

      database::query(
        "delete from ". DB_TABLE_PRODUCTS_PRICES_BY_CUSTOMER_GROUP ."
        where product_id = '". (int)$this->data['id'] ."'
        and id not in ('". @implode("', '", @array_keys($this->data['customer_group_prices'])) ."');"
      );

      if (!empty($this->data['customer_group_prices'])) {
        foreach (array_keys($this->data['customer_group_prices']) as $key) {
          if (empty($this->data['customer_group_prices'][$key]['id'])) {
            database::query(
              "insert into ". DB_TABLE_PRODUCTS_PRICES_BY_CUSTOMER_GROUP ."
              (product_id)
              values ('". (int)$this->data['id'] ."');"
            );
            $this->data['customer_group_prices'][$key]['id'] = database::insert_id();
          }

          $sql_currency_customer_group_prices = "";
          foreach (array_keys(currency::$currencies) as $currency_code) {
            $sql_currency_customer_group_prices .= $currency_code ." = '". (float)$this->data['customer_group_prices'][$key][$currency_code] ."', ";
          }
          $sql_currency_customer_group_prices = rtrim($sql_currency_customer_group_prices, ', ');

          database::query(
            "update ". DB_TABLE_PRODUCTS_PRICES_BY_CUSTOMER_GROUP ." set
            customer_group_id = ". (int)$this->data['customer_group_prices'][$key]['customer_group_id'] .",
            start_date = ". (empty($this->data['customer_group_prices'][$key]['start_date']) ? "NULL" : "'". date('Y-m-d H:i:s', strtotime($this->data['customer_group_prices'][$key]['start_date'])) ."'") .",
            end_date = ". (empty($this->data['customer_group_prices'][$key]['end_date']) ? "NULL" : "'". date('Y-m-d H:i:s', strtotime($this->data['customer_group_prices'][$key]['end_date'])) ."'") .",
            $sql_currency_customer_group_prices
            where product_id = '". (int)$this->data['id'] ."'
            and id = '". (int)$this->data['customer_group_prices'][$key]['id'] ."'
            limit 1;"
          );
        }
      }
      ]]></add>
    </operation>

    <operation error="log">
      <search position="after" offset="2"><![CDATA[
        "delete from ". DB_TABLE_PRODUCTS_PRICES ."
      ]]></search>
      <add><![CDATA[
      database::query(
        "delete from ". DB_TABLE_PRODUCTS_PRICES_BY_CUSTOMER_GROUP ."
        where product_id = '". (int)$this->data['id'] ."';"
      );
      ]]></add>
    </operation>
  </file>

  <file name="includes/functions/func_catalog.inc.php">
    <operation error="log">
      <search position="replace"><![CDATA[pp.price, ]]></search>
      <add><![CDATA[pp.price, ppbcg.customer_group_price, ]]></add>
    </operation>

    <operation error="log">
      <search position="after"><![CDATA[
      ) pp on (pp.product_id = p.id)
      ]]></search>
      <add><![CDATA[
      left join (
        select product_id, if(`". database::input(currency::$selected['code']) ."`, `". database::input(currency::$selected['code']) ."` / ". (float)currency::$selected['value'] .", `". database::input(settings::get('store_currency_code')) ."`) as customer_group_price
        from ". DB_TABLE_PRODUCTS_PRICES_BY_CUSTOMER_GROUP ."
        where (customer_group_id = ". (int)customer::$data['customer_group_id'] .")
        and (start_date <= '". date('Y-m-d H:i:s') ."')
        and (year(end_date) < '1971' or end_date >= '". date('Y-m-d H:i:s') ."')
        order by end_date asc
      ) ppbcg on (ppbcg.product_id = p.id)
      ]]></add>
    </operation>
  </file>

  <file name="pages/search.inc.php">
    <operation error="log">
      <search position="replace"><![CDATA[pp.price, ]]></search>
      <add><![CDATA[pp.price, ppbcg.customer_group_price, ]]></add>
    </operation>

    <operation error="log">
      <search position="after"><![CDATA[
      ) pp on (pp.product_id = p.id)
      ]]></search>
      <add><![CDATA[
      left join (
        select product_id, if(`". database::input(currency::$selected['code']) ."`, `". database::input(currency::$selected['code']) ."` / ". (float)currency::$selected['value'] .", `". database::input(settings::get('store_currency_code')) ."`) as customer_group_price
        from ". DB_TABLE_PRODUCTS_PRICES_BY_CUSTOMER_GROUP ."
        where (customer_group_id = ". (int)customer::$data['customer_group_id'] .")
        and (start_date <= '". date('Y-m-d H:i:s') ."')
        and (year(end_date) < '1971' or end_date >= '". date('Y-m-d H:i:s') ."')
        order by end_date asc
      ) ppbcg on (ppbcg.product_id = p.id)
      ]]></add>
    </operation>
  </file>

  <file name="includes/functions/func_draw.inc.php">
    <operation error="log">
      <search position="before"><![CDATA[
    return $listing_product->stitch('views/listing_product_'.$listing_type);
      ]]></search>
      <add><![CDATA[
    if (isset($product['customer_group_price']) && (float)$product['customer_group_price'] > 0) {
      $listing_product->snippets['regular_price'] = tax::get_price($product['customer_group_price'], $product['tax_class_id']);
    }
      ]]></add>
    </operation>
  </file>

  <file name="includes/references/ref_customer.inc.php">
    <operation error="log">
      <search position="after"><![CDATA[
            'id',
      ]]></search>
      <add><![CDATA[
            'customer_group_id',
      ]]></add>
    </operation>
  </file>

  <file name="includes/references/ref_product.inc.php">
    <operation error="log">
      <search position="before" offset="2"><![CDATA[
            case 'quantity_unit':
      ]]></search>
      <add><![CDATA[
            if (!empty($this->_customer_id)) {

              if (!empty(reference::customer($this->_customer_id)->customer_group_id)) {
                $product_customer_group_prices_query = database::query(
                  "select * from ". DB_TABLE_PRODUCTS_PRICES_BY_CUSTOMER_GROUP ."
                  where product_id = ". (int)$this->_id ."
                  and customer_group_id = ". (int)reference::customer($this->_customer_id)->customer_group_id ."
                  and (year(start_date) < '1971' or start_date <= '". date('Y-m-d H:i:s') ."')
                  and (year(end_date) < '1971' or end_date >= '". date('Y-m-d H:i:s') ."')
                  order by id desc
                  limit 1;"
                );

                while ($customer_group_price = database::fetch($product_customer_group_prices_query)) {
                  if (isset($customer_group_price[$this->_currency_code]) && $customer_group_price[$this->_currency_code] != 0) {
                    $this->_data['price'] = currency::convert($customer_group_price[$this->_currency_code], $this->_currency_code, settings::get('store_currency_code'));
                  } else {
                    $this->_data['price'] = $customer_group_price[settings::get('store_currency_code')];
                  }
                }
              }
            }
      ]]></add>
    </operation>
  </file>

</modification>