<?xml version="1.0" encoding="UTF-8"?>
<modification>
	<id>Custom Order</id>
	<version>2.0</version>
	<vqmver required="true">2.4.0</vqmver>
	<author>ittoysline</author>



	<file name="admin/orders.app/orders.inc.php">
		<operation error="log">
			<search position="after"><![CDATA[
      $sql_where_query = array(
      ]]></search>
			<add><![CDATA[
      "o.customer_phone like '%". database::input($_GET['query']) ."%'",
      ]]></add>
		</operation>

		<operation error="log">
			<search position="replace"><![CDATA[
        <td><a href="<?php echo document::href_link('', array('app' => 'orders', 'doc' => 'edit_order', 'order_id' => $order['id'], 'redirect_url' => $_SERVER['REQUEST_URI'])); ?>"><?php echo $order['customer_company'] ? $order['customer_company'] : $order['customer_firstname'] .' '. $order['customer_lastname']; ?><?php echo empty($order['customer_id']) ? ' <em>('. language::translate('title_guest', 'Guest') .')</em>' : ''; ?></a> <span style="opacity: 0.5;"><?php echo $order['customer_tax_id']; ?></span></td>
      ]]></search>
			<add><![CDATA[
        <td><a href="<?php echo document::href_link('', array('app' => 'orders', 'doc' => 'edit_order', 'order_id' => $order['id'], 'redirect_url' => $_SERVER['REQUEST_URI'])); ?>"><div><span style="color:#000000"><strong><?php echo $order['customer_firstname'] .' '. $order['customer_lastname']; ?></strong>
        <span style="color:#30AD23"><?php echo empty($order['customer_id']) ? ' <em>('. language::translate('title_guest', 'Guest') .')</em>' : ''; ?></a>
	   <div><span style="color:#0257E8"><?php echo $order['customer_email']; ?></span></br><span style="color:#A800FF"><?php echo $order['customer_phone'] ? $order['customer_phone'] : $order['customer_phone'] .' '. $order['customer_phone']; ?>
      ]]></add>
		</operation>

		<operation error="log">
			<search position="replace"><![CDATA[
        <th class="text-center"><?php echo language::translate('title_tax', 'Tax'); ?></th>
      ]]></search>
			<add><![CDATA[
        	
      ]]></add>
		</operation>
		
		<operation error="log">
			<search position="replace"><![CDATA[
        <td class="text-right"><?php echo ($order['tax_total'] != 0) ? currency::format($order['tax_total'], false, $order['currency_code'], $order['currency_value']) : '-'; ?></td>
      ]]></search>
			<add><![CDATA[
        	
      ]]></add>
		</operation>
		
		<operation error="log">
			<search position="replace"><![CDATA[
        font-weight: bold;
      ]]></search>
			<add><![CDATA[
        color: blue;	
      ]]></add>
		</operation>
	</file>

</modification>





