<?xml version="1.0" encoding="UTF-8"?>
<modification>
	<id>Custom Campaigns Prices</id>
	<version>2.1.1</version>
	<vqmver required="true">2.4.0</vqmver>
	<author>ittoysline</author>

	<file name="admin/catalog.app/edit_product.inc.php">
		 <operation error="skip">
			<search position="replace"><![CDATA[
          	<?php echo functions::form_draw_datetime_field('campaigns['.$key.'][end_date]', true); ?>
      ]]></search>
			<add><![CDATA[
            <?php echo functions::form_draw_datetime_field('campaigns['.$key.'][end_date]', true, '','campaigns_price'); ?>
      ]]></add>
		</operation>

		 <operation error="skip">
			<search position="replace"><![CDATA[
          <td colspan="<?php echo 5 + count(currency::$currencies) - 1; ?>"><?php echo functions::draw_fonticon('fa-plus-circle', 'style="color: #66cc66;"'); ?> <a class="add" href="#"><?php echo language::translate('text_add_campaign', 'Add Campaign'); ?></a></td>
      ]]></search>
			<add><![CDATA[
            <td colspan="5"><a class="add" href="#" title="<?php echo htmlspecialchars(language::translate('title_add', 'Add')); ?>"><?php echo functions::draw_fonticon('fa-plus-circle', 'style="color: #66cc66;"'); ?></a><a class="delete" style="margin-left: 20px;" href="#" title="<?php echo htmlspecialchars(language::translate('title_delete', 'Delete')); ?>"><?php echo functions::draw_fonticon('fa-trash-o', 'style="color: #cc3333;"'); ?></a></td>
      ]]></add>
		</operation>

		 <operation error="skip">
			<search position="replace" offset="4"><![CDATA[
          $('#table-campaigns').on('click', '.remove', function(e) {
      ]]></search>
			<add><![CDATA[
           $('#table-campaigns').on('click', '.remove', function(e) {
             e.preventDefault();
             $(this).closest('tr').remove();
         });
         $('#table-campaigns').on('click', '.delete', function(e) {
             e.preventDefault();
             $('#table-campaigns tbody tr').remove();
         });
      ]]></add>
		</operation>

		
		 <operation error="skip">
			<search position="replace" offset="33"><![CDATA[
          	var new_campaign_i = 1;

      ]]></search>
			<add><![CDATA[
              var new_campaign_i = 1;
  $('#table-campaigns').on('click', '.add', function(e) {
    e.preventDefault();
    var output = '<tr>'
               + '  <td><?php echo functions::general_escape_js(language::translate('title_start_date', 'Start Date')); ?><br />'
               + '    <?php echo functions::general_escape_js(functions::form_draw_hidden_field('campaigns[new_campaign_i][id]', '') . functions::form_draw_datetime_field('campaigns[new_campaign_i][start_date]', true, '', 'campaigns_price_1')); ?></td>'
               + '  </td>'
               + '  <td><?php echo functions::general_escape_js(language::translate('title_end_date', 'End Date')); ?><br />'
               + '    <?php echo functions::general_escape_js(functions::form_draw_datetime_field('campaigns[new_campaign_i][end_date]', true, '', 'campaigns_price_1')); ?></td>'
               + '  </td>'
               + '  <td>- %<br />'
               + '    <?php echo functions::general_escape_js(functions::form_draw_decimal_field('campaigns[new_campaign_i][percentage]', '', 2, 0, null)); ?>'
               + '  </td>'
               + '  <td><?php echo functions::general_escape_js(settings::get('store_currency_code')); ?><br />'
               + '    <?php echo functions::general_escape_js(functions::form_draw_currency_field(settings::get('store_currency_code'), 'campaigns[new_campaign_i]['. settings::get('store_currency_code') .']', '')); ?>'
               + '  </td>'
<?php
  foreach (array_keys(currency::$currencies) as $currency_code) {
    if ($currency_code == settings::get('store_currency_code')) continue;
?>
               + '  <td><?php echo functions::general_escape_js($currency_code); ?><br />'
               + '    <?php echo functions::general_escape_js(functions::form_draw_currency_field($currency_code, 'campaigns[new_campaign_i]['. $currency_code .']', '')); ?>'
               + '  </td>'
<?php
  }
?>
               + '  <td><br /><a class="remove" href="#" title="<?php echo functions::general_escape_js(language::translate('title_remove', 'Remove'), true); ?>"><?php echo functions::general_escape_js(functions::draw_fonticon('fa-times-circle fa-lg', 'style="color: #cc3333;"')); ?></a></td>'
               + '</tr>';
   while ($('input[name="campaigns[new_'+new_campaign_i+']"]').length) new_campaign_i++;
    output = output.replace(/new_campaign_i/g, 'new_' + new_campaign_i);
    $('#table-campaigns tbody').append(output);
    new_campaign_i++;
  });			
			
// campaign_2			
              var new_campaign_i = 1;
  $('#table-campaigns').on('click', '.add', function(e) {
    e.preventDefault();
    var output = '<tr>'
               + '  <td><?php echo functions::general_escape_js(language::translate('title_start_date', 'Start Date')); ?><br />'
               + '    <?php echo functions::general_escape_js(functions::form_draw_hidden_field('campaigns[new_campaign_i][id]', '') . functions::form_draw_datetime_field('campaigns[new_campaign_i][start_date]', true, '', 'campaigns_price_2')); ?></td>'
               + '  </td>'
               + '  <td><?php echo functions::general_escape_js(language::translate('title_end_date', 'End Date')); ?><br />'
               + '    <?php echo functions::general_escape_js(functions::form_draw_datetime_field('campaigns[new_campaign_i][end_date]', true, '', 'campaigns_price_2')); ?></td>'
               + '  </td>'
               + '  <td>- %<br />'
               + '    <?php echo functions::general_escape_js(functions::form_draw_decimal_field('campaigns[new_campaign_i][percentage]', '', 2, 0, null)); ?>'
               + '  </td>'
               + '  <td><?php echo functions::general_escape_js(settings::get('store_currency_code')); ?><br />'
               + '    <?php echo functions::general_escape_js(functions::form_draw_currency_field(settings::get('store_currency_code'), 'campaigns[new_campaign_i]['. settings::get('store_currency_code') .']', '')); ?>'
               + '  </td>'
<?php
  foreach (array_keys(currency::$currencies) as $currency_code) {
    if ($currency_code == settings::get('store_currency_code')) continue;
?>
               + '  <td><?php echo functions::general_escape_js($currency_code); ?><br />'
               + '    <?php echo functions::general_escape_js(functions::form_draw_currency_field($currency_code, 'campaigns[new_campaign_i]['. $currency_code .']', '')); ?>'
               + '  </td>'
<?php
  }
?>
               + '  <td><br /><a class="remove" href="#" title="<?php echo functions::general_escape_js(language::translate('title_remove', 'Remove'), true); ?>"><?php echo functions::general_escape_js(functions::draw_fonticon('fa-times-circle fa-lg', 'style="color: #cc3333;"')); ?></a></td>'
               + '</tr>';
   while ($('input[name="campaigns[new_'+new_campaign_i+']"]').length) new_campaign_i++;
    output = output.replace(/new_campaign_i/g, 'new_' + new_campaign_i);
    $('#table-campaigns tbody').append(output);
    new_campaign_i++;
  });

// campaign_3
  
  var new_campaign_i = 1;
  $('#table-campaigns').on('click', '.add', function(e) {
    e.preventDefault();
    var output = '<tr>'
               + '  <td><?php echo functions::general_escape_js(language::translate('title_start_date', 'Start Date')); ?><br />'
               + '    <?php echo functions::general_escape_js(functions::form_draw_hidden_field('campaigns[new_campaign_i][id]', '') . functions::form_draw_datetime_field('campaigns[new_campaign_i][start_date]', true, '', 'campaigns_price_3')); ?></td>'
               + '  </td>'
               + '  <td><?php echo functions::general_escape_js(language::translate('title_end_date', 'End Date')); ?><br />'
               + '    <?php echo functions::general_escape_js(functions::form_draw_datetime_field('campaigns[new_campaign_i][end_date]', true, '', 'campaigns_price_3')); ?></td>'
               + '  </td>'
               + '  <td>- %<br />'
               + '    <?php echo functions::general_escape_js(functions::form_draw_decimal_field('campaigns[new_campaign_i][percentage]', '', 2, 0, null)); ?>'
               + '  </td>'
               + '  <td><?php echo functions::general_escape_js(settings::get('store_currency_code')); ?><br />'
               + '    <?php echo functions::general_escape_js(functions::form_draw_currency_field(settings::get('store_currency_code'), 'campaigns[new_campaign_i]['. settings::get('store_currency_code') .']', '')); ?>'
               + '  </td>'
<?php
  foreach (array_keys(currency::$currencies) as $currency_code) {
    if ($currency_code == settings::get('store_currency_code')) continue;
?>
               + '  <td><?php echo functions::general_escape_js($currency_code); ?><br />'
               + '    <?php echo functions::general_escape_js(functions::form_draw_currency_field($currency_code, 'campaigns[new_campaign_i]['. $currency_code .']', '')); ?>'
               + '  </td>'
<?php
  }
?>
               + '  <td><br /><a class="remove" href="#" title="<?php echo functions::general_escape_js(language::translate('title_remove', 'Remove'), true); ?>"><?php echo functions::general_escape_js(functions::draw_fonticon('fa-times-circle fa-lg', 'style="color: #cc3333;"')); ?></a></td>'
               + '</tr>';
   while ($('input[name="campaigns[new_'+new_campaign_i+']"]').length) new_campaign_i++;
    output = output.replace(/new_campaign_i/g, 'new_' + new_campaign_i);
    $('#table-campaigns tbody').append(output);
    new_campaign_i++;
  });  
      ]]></add>
		</operation>		
		
		
	</file>		
</modification>