<?xml version="1.0" encoding="UTF-8"?>
<modification>
    <id>Default Price Prices And Stock Quantity Price </id>
    <version>2.1.1</version>
    <vqmver required="true">2.4.0</vqmver>
    <author>Olaf-international.net</author>

    <file name="admin/catalog.app/edit_product.inc.php">
        <operation error="log">
            <search position="after"><![CDATA[
      if (empty($_POST['images'])) $_POST['images'] = array();
      ]]></search>
            <add><![CDATA[
      if (empty($_POST['stock_quantity_prices'])) $_POST['stock_quantity_prices'] = array();
      if (empty($_POST['default_price_prices'])) $_POST['default_price_prices'] = array();
      ]]></add>
        </operation>

        <operation error="log">
            <search position="after" index="1"><![CDATA[
    'prices',
      ]]></search>
            <add><![CDATA[
    'stock_quantity_prices',
    'default_price_prices',
      ]]></add>
        </operation>

        <operation error="log">
            <search position="before"><![CDATA[
        <h2><?php echo language::translate('title_customer_group_prices', 'Customer Group Prices'); ?></h2>
      ]]></search>
            <add><![CDATA[
<h2><?php echo language::translate('title_stock_prices', 'Stock Prices'); ?></h2>
        <table id="stock-quantity-prices" class="table table-striped">
            <thead>
            <tr>
                <td style="width: 200px;"><strong><?php echo language::translate('title_stock_quantity', 'Stock Quantity'); ?></strong></td>
                <td colspan="<?php echo count(currency::$currencies); ?>"><strong><?php echo language::translate('title_price', 'Price'); ?></strong></td>
            </tr>
            </thead>
            <tbody>
            <?php if (!empty($_POST['stock_quantity_prices'])) foreach (array_keys($_POST['stock_quantity_prices']) as $key) { ?>
                <tr>
                    <td><?php echo functions::form_draw_hidden_field('stock_quantity_prices['.$key.'][id]', true) . functions::form_draw_decimal_field('stock_quantity_prices['.$key.'][stock_quantity]', true, 2); ?></td>
                    <td style="width: 250px;"><?php echo functions::form_draw_currency_field(settings::get('store_currency_code'), 'stock_quantity_prices['.$key.']['. settings::get('store_currency_code') .']', true); ?></td>
                    <?php
                    foreach (array_keys(currency::$currencies) as $currency_code) {
                        if ($currency_code == settings::get('store_currency_code')) continue;
                        ?>
                        <td style="width: 250px;"><?php echo functions::form_draw_currency_field($currency_code, 'stock_quantity_prices['.$key.']['. $currency_code. ']', isset($_POST['stock_quantity_prices'][$key][$currency_code]) ? number_format($_POST['stock_quantity_prices'][$key][$currency_code], 4, '.', '') : '', 'data-size="small"'); ?></td>
                        <?php
                    }
                    ?>
                    <td><a class="remove" href="#" title="<?php echo htmlspecialchars(language::translate('title_remove', 'Remove')); ?>"><?php echo functions::draw_fonticon('fa-times-circle fa-lg', 'style="color: #cc3333;"'); ?></a></td>
                </tr>
            <?php } ?>
            </tbody>
            <tfoot>
            <tr>
               <td colspan="5"><a class="add" href="#" title="<?php echo htmlspecialchars(language::translate('title_add', 'Add')); ?>"><?php echo functions::draw_fonticon('fa-plus-circle', 'style="color: #66cc66;"'); ?></a><a class="delete" style="margin-left: 20px;" href="#" title="<?php echo htmlspecialchars(language::translate('title_delete', 'Delete')); ?>"><?php echo functions::draw_fonticon('fa-trash-o', 'style="color: #cc3333;"'); ?></a></td>
            </tr>
            </tfoot>
        </table>
<script>
  $('body').on('keyup change', 'input[name^="stock_quantity_prices"][name$="[<?php echo settings::get('store_currency_code'); ?>]"]', function() {
    var parent = $(this).closest('tr');
    var percentage = ($('input[name="prices[<?php echo settings::get('store_currency_code'); ?>]"]').val() - $(this).val()) / $('input[name="prices[<?php echo settings::get('store_currency_code'); ?>]"]').val() * 100;
    percentage = Number(percentage).toFixed(2);
    $(parent).find('input[name$="[percentage]"]').val(percentage);

    <?php foreach (currency::$currencies as $currency) { ?>
    var value = 0;
    value = $(parent).find('input[name^="stock_quantity_prices"][name$="[<?php echo settings::get('store_currency_code'); ?>]"]').val() * <?php echo $currency['value']; ?>;
    value = Number(value).toFixed(<?php echo $currency['decimals']; ?>);
    $(parent).find('input[name^="stock_quantity_prices"][name$="[<?php echo $currency['code']; ?>]"]').attr('placeholder', value);
    if ($(parent).find('input[name^="stock_quantity_prices"][name$="[<?php echo $currency['code']; ?>]"]').val() == 0) {
        $(parent).find('input[name^="stock_quantity_prices"][name$="[<?php echo $currency['code']; ?>]"]').val('');
    }
    <?php } ?>
});
$('input[name^="stock_quantity_prices"][name$="[<?php echo settings::get('store_currency_code'); ?>]"]').trigger('keyup');

var new_stock_quantity_price_i = 1;
$('#stock-quantity-prices').on('click', '.add', function(e) {
    e.preventDefault();
    var output = '<tr>'
        + '  <td><?php echo str_replace(PHP_EOL, '', functions::form_draw_hidden_field('stock_quantity_prices[new_stock_quantity_price_i][id]', '') . functions::form_draw_decimal_field('stock_quantity_prices[new_stock_quantity_price_i][stock_quantity]', '', 2, 0, null, 'data-size="tiny"')); ?></td>'
        + '  <td style="width: 250px;"><?php echo str_replace(PHP_EOL, '', functions::form_draw_currency_field(settings::get('store_currency_code'), 'stock_quantity_prices[new_stock_quantity_price_i]['. settings::get('store_currency_code') .']', '')); ?></td>'
        <?php
        foreach (array_keys(currency::$currencies) as $currency_code) {
        if ($currency_code == settings::get('store_currency_code')) continue;
        ?>
        + '  <td style="width: 250px;"><?php echo str_replace(PHP_EOL, '', functions::form_draw_currency_field($currency_code, 'stock_quantity_prices[new_stock_quantity_price_i]['. $currency_code .']', '', 'data-size="small"')); ?></td>'
        <?php
        }
        ?>
        + '  <td><a class="remove" href="#" title="<?php echo htmlspecialchars(language::translate('title_remove', 'Remove')); ?>"><?php echo functions::draw_fonticon('fa-times-circle fa-lg', 'style="color: #cc3333;"'); ?></a></td>'
        + '</tr>';
    while ($('input[name="stock_quantity_prices[new_'+new_stock_quantity_price_i+']"]').length) new_stock_quantity_price_i++;
    output = output.replace(/new_stock_quantity_price_i/g, 'new_' + new_stock_quantity_price_i);
    $('#stock-quantity-prices tbody').append(output);
    new_stock_quantity_price_i++;
});

var new_stock_quantity_price_i = 1;
$('#stock-quantity-prices').on('click', '.add', function(e) {
    e.preventDefault();
    var output = '<tr>'
        + '  <td><?php echo str_replace(PHP_EOL, '', functions::form_draw_hidden_field('stock_quantity_prices[new_stock_quantity_price_i][id]', '') . functions::form_draw_decimal_field('stock_quantity_prices[new_stock_quantity_price_i][stock_quantity]', '', 2, 0, null, 'data-size="tiny"')); ?></td>'
        + '  <td style="width: 250px;"><?php echo str_replace(PHP_EOL, '', functions::form_draw_currency_field(settings::get('store_currency_code'), 'stock_quantity_prices[new_stock_quantity_price_i]['. settings::get('store_currency_code') .']', '')); ?></td>'
        <?php
        foreach (array_keys(currency::$currencies) as $currency_code) {
        if ($currency_code == settings::get('store_currency_code')) continue;
        ?>
        + '  <td style="width: 250px;"><?php echo str_replace(PHP_EOL, '', functions::form_draw_currency_field($currency_code, 'stock_quantity_prices[new_stock_quantity_price_i]['. $currency_code .']', '', 'data-size="small"')); ?></td>'
        <?php
        }
        ?>
        + '  <td><a class="remove" href="#" title="<?php echo htmlspecialchars(language::translate('title_remove', 'Remove')); ?>"><?php echo functions::draw_fonticon('fa-times-circle fa-lg', 'style="color: #cc3333;"'); ?></a></td>'
        + '</tr>';
    while ($('input[name="stock_quantity_prices[new_'+new_stock_quantity_price_i+']"]').length) new_stock_quantity_price_i++;
    output = output.replace(/new_stock_quantity_price_i/g, 'new_' + new_stock_quantity_price_i);
    $('#stock-quantity-prices tbody').append(output);
    new_stock_quantity_price_i++;
});

var new_stock_quantity_price_i = 1;
$('#stock-quantity-prices').on('click', '.add', function(e) {
    e.preventDefault();
    var output = '<tr>'
        + '  <td><?php echo str_replace(PHP_EOL, '', functions::form_draw_hidden_field('stock_quantity_prices[new_stock_quantity_price_i][id]', '') . functions::form_draw_decimal_field('stock_quantity_prices[new_stock_quantity_price_i][stock_quantity]', '', 2, 0, null, 'data-size="tiny"')); ?></td>'
        + '  <td style="width: 250px;"><?php echo str_replace(PHP_EOL, '', functions::form_draw_currency_field(settings::get('store_currency_code'), 'stock_quantity_prices[new_stock_quantity_price_i]['. settings::get('store_currency_code') .']', '')); ?></td>'
        <?php
        foreach (array_keys(currency::$currencies) as $currency_code) {
        if ($currency_code == settings::get('store_currency_code')) continue;
        ?>
        + '  <td style="width: 250px;"><?php echo str_replace(PHP_EOL, '', functions::form_draw_currency_field($currency_code, 'stock_quantity_prices[new_stock_quantity_price_i]['. $currency_code .']', '', 'data-size="small"')); ?></td>'
        <?php
        }
        ?>
        + '  <td><a class="remove" href="#" title="<?php echo htmlspecialchars(language::translate('title_remove', 'Remove')); ?>"><?php echo functions::draw_fonticon('fa-times-circle fa-lg', 'style="color: #cc3333;"'); ?></a></td>'
        + '</tr>';
    while ($('input[name="stock_quantity_prices[new_'+new_stock_quantity_price_i+']"]').length) new_stock_quantity_price_i++;
    output = output.replace(/new_stock_quantity_price_i/g, 'new_' + new_stock_quantity_price_i);
    $('#stock-quantity-prices tbody').append(output);
    new_stock_quantity_price_i++;
});

$('#stock-quantity-prices').on('click', '.remove', function(e) {
    e.preventDefault();
    $(this).closest('tr').remove();
});

$('#stock-quantity-prices').on('click', '.delete', function(e) {
    e.preventDefault();
    $('#stock-quantity-prices tbody tr').remove();
});
</script>

      ]]></add>
        </operation>

        <operation error="log">
            <search position="before"><![CDATA[
        <h2><?php echo language::translate('title_customer_group_prices', 'Customer Group Prices'); ?></h2>
      ]]></search>
            <add><![CDATA[
<style>
            #default-price-prices td:not(:last-child){
                width: 320px;
            }
        </style>
        <h2><?php echo language::translate('title_default_price_prices', 'Default Price Prices'); ?></h2>
        <table id="default-price-prices" class="table table-striped data-table">
            <thead>
            <tr>
                <th style="width: 320px;"><?php echo language::translate('title_default_price', 'Default Price'); ?></th>
                <th style="width: 220px;"><?php echo language::translate('title_start_date', 'Start Date'); ?></th>
                <th style="width: 220px;"><?php echo language::translate('title_end_date', 'End Date'); ?></th>
                <th style="width: 320px;"><?php echo settings::get('store_currency_code'); ?></th>
                <?php foreach (array_keys(currency::$currencies) as $currency_code) {
                    if ($currency_code == settings::get('store_currency_code')) continue;
                    ?>
                    <th style="width: 320px;"><?php echo $currency_code; ?></th>
                <?php } ?>
                <th></th>
            </tr>
            </thead>
            <tbody>
            <?php if (!empty($_POST['default_price_prices'])) foreach (array_keys($_POST['default_price_prices']) as $key) { ?>
                <tr>

                    <td><?php echo functions::form_draw_hidden_field('default_price_prices['.$key.'][id]', true) . functions::form_draw_default_prices_list('default_price_prices['.$key.'][default_price_id]', true); ?></td>
                    <td>
                        <?php echo functions::form_draw_datetime_field('default_price_prices['.$key.'][start_date]', true, '','default_price'); ?>
                    </td>
                    <td>
                        <?php echo functions::form_draw_datetime_field('default_price_prices['.$key.'][end_date]', true, '','default_price'); ?>
                    </td>
                    <td>
                        <?php echo functions::form_draw_currency_field(settings::get('store_currency_code'), 'default_price_prices['.$key.']['. settings::get('store_currency_code') .']', true); ?>
                    </td>
                    <?php foreach (array_keys(currency::$currencies) as $currency_code) { ?>
              <td><?php echo functions::form_draw_currency_field($currency_code, 'customer_group_prices['.$key.']['. $currency_code. ']', isset($_POST['customer_group_prices'][$key][$currency_code]) ? number_format($_POST['customer_group_prices'][$key][$currency_code], 4, '.', '') : '', 'data-size="small"'); ?></td>
              <?php } ?>
                    <td class="text-right"><a class="remove" href="#" title="<?php echo htmlspecialchars(language::translate('title_remove', 'Remove')); ?>"><?php echo functions::draw_fonticon('fa-times-circle fa-lg', 'style="color: #cc3333;"'); ?></a></td>
                </tr>
            <?php } ?>
            </tbody>
            <tfoot>
            <tr>
                <td colspan="5"><a class="add" href="#" title="<?php echo htmlspecialchars(language::translate('title_add', 'Add')); ?>"><?php echo functions::draw_fonticon('fa-plus-circle', 'style="color: #66cc66;"'); ?></a><a class="delete" style="margin-left: 20px;" href="#" title="<?php echo htmlspecialchars(language::translate('title_delete', 'Delete')); ?>"><?php echo functions::draw_fonticon('fa-trash-o', 'style="color: #cc3333;"'); ?></a></td>
            </tr>
            </tfoot>
        </table>
<script>
  $('body').on('keyup change', 'input[name^="default_price_prices"][name$="[<?php echo settings::get('store_currency_code'); ?>]"]', function() {
    var parent = $(this).closest('tr');
    var percentage = ($('input[name="prices[<?php echo settings::get('store_currency_code'); ?>]"]').val() - $(this).val()) / $('input[name="prices[<?php echo settings::get('store_currency_code'); ?>]"]').val() * 100;
    percentage = Number(percentage).toFixed(2);
    $(parent).find('input[name$="[percentage]"]').val(percentage);
console.log(percentage);
    <?php foreach (currency::$currencies as $currency) { ?>
    var value = 0;
    value = $(parent).find('input[name^="default_price_prices"][name$="[<?php echo settings::get('store_currency_code'); ?>]"]').val() * <?php echo $currency['value']; ?>;
    value = Number(value).toFixed(<?php echo $currency['decimals']; ?>);
    $(parent).find('input[name^="default_price_prices"][name$="[<?php echo $currency['code']; ?>]"]').attr('placeholder', value);
    if ($(parent).find('input[name^="default_price_prices"][name$="[<?php echo $currency['code']; ?>]"]').val() == 0) {
        $(parent).find('input[name^="default_price_prices"][name$="[<?php echo $currency['code']; ?>]"]').val('');
    }
    <?php } ?>
});
$('input[name^="default_price_prices"][name$="[<?php echo settings::get('store_currency_code'); ?>]"]').trigger('keyup');

$('#default-price-prices').on('click', '.remove', function(e) {
    e.preventDefault();
    $(this).closest('tr').remove();
});
$('#default-price-prices').on('click', '.delete', function(e) {
    e.preventDefault();
    $('#default-price-prices tbody tr').remove();
});

var new_default_price_price_i = 1;
$('#default-price-prices').on('click', '.add', function(e) {
e.preventDefault();
var output = '<tr>'
+ ' <td><?php echo functions::general_escape_js(functions::form_draw_hidden_field('default_price_prices[new_default_price_price_i][id]', '') . functions::form_draw_default_prices_list('default_price_prices[new_default_price_price_i][default_price_id]', '1')); ?></td>'
+ '<td><?php echo functions::general_escape_js(functions::form_draw_datetime_field('default_price_prices[new_default_price_price_i][start_date]', true, '', 'default_price_1')); ?></td>'
+ '<td><?php echo functions::general_escape_js(functions::form_draw_datetime_field('default_price_prices[new_default_price_price_i][end_date]', true, '' , 'default_price_1')); ?></td>'
+ '<td><?php echo functions::general_escape_js(functions::form_draw_currency_field(settings::get('store_currency_code'), 'default_price_prices[new_default_price_price_i]['. settings::get("store_currency_code") .']', '', 'data-size="small"')); ?></td>'
<?php foreach (array_keys(currency::$currencies) as $currency_code) {
if ($currency_code == settings::get('store_currency_code')) continue;
?>
+ ' <td><?php echo functions::general_escape_js(functions::form_draw_currency_field($currency_code, 'default_price_prices[new_default_price_price_i]['. $currency_code .']', '', 'data-size="small"')); ?></td>'
<?php } ?>
+ ' <td class="text-right"><a class="remove" href="#" title="<?php echo htmlspecialchars(language::translate('title_remove', 'Remove')); ?>"><?php echo functions::draw_fonticon('fa-times-circle fa-lg', 'style="color: #cc3333;"'); ?></a></td>'
+ '</tr>';
while ($('input[name="default_price_prices[new_'+new_default_price_price_i+']"]').length) new_default_price_price_i++;
output = output.replace(/new_default_price_price_i/g, 'new_' + new_default_price_price_i);
$('#default-price-prices tbody').append(output);
new_default_price_price_i++;
});

var new_default_price_price_i = 1;
$('#default-price-prices').on('click', '.add', function(e) {
e.preventDefault();
var output = '<tr>'
+ ' <td><?php echo functions::general_escape_js(functions::form_draw_hidden_field('default_price_prices[new_default_price_price_i][id]', '') . functions::form_draw_default_prices_list('default_price_prices[new_default_price_price_i][default_price_id]', '2')); ?></td>'
+ '<td><?php echo functions::general_escape_js(functions::form_draw_datetime_field('default_price_prices[new_default_price_price_i][start_date]', true, '', 'default_price_2')); ?></td>'
+ '<td><?php echo functions::general_escape_js(functions::form_draw_datetime_field('default_price_prices[new_default_price_price_i][end_date]', true, '' , 'default_price_2')); ?></td>'
+ '<td><?php echo functions::general_escape_js(functions::form_draw_currency_field(settings::get('store_currency_code'), 'default_price_prices[new_default_price_price_i]['. settings::get("store_currency_code") .']', '', 'data-size="small"')); ?></td>'
<?php foreach (array_keys(currency::$currencies) as $currency_code) {
if ($currency_code == settings::get('store_currency_code')) continue;
?>
+ ' <td><?php echo functions::general_escape_js(functions::form_draw_currency_field($currency_code, 'default_price_prices[new_default_price_price_i]['. $currency_code .']', '', 'data-size="small"')); ?></td>'
<?php } ?>
+ ' <td class="text-right"><a class="remove" href="#" title="<?php echo htmlspecialchars(language::translate('title_remove', 'Remove')); ?>"><?php echo functions::draw_fonticon('fa-times-circle fa-lg', 'style="color: #cc3333;"'); ?></a></td>'
+ '</tr>';
while ($('input[name="default_price_prices[new_'+new_default_price_price_i+']"]').length) new_default_price_price_i++;
output = output.replace(/new_default_price_price_i/g, 'new_' + new_default_price_price_i);
$('#default-price-prices tbody').append(output);
new_default_price_price_i++;
});

var new_default_price_price_i = 1;
$('#default-price-prices').on('click', '.add', function(e) {
e.preventDefault();
var output = '<tr>'
+ ' <td><?php echo functions::general_escape_js(functions::form_draw_hidden_field('default_price_prices[new_default_price_price_i][id]', '') . functions::form_draw_default_prices_list('default_price_prices[new_default_price_price_i][default_price_id]', '3')); ?></td>'
+ '<td><?php echo functions::general_escape_js(functions::form_draw_datetime_field('default_price_prices[new_default_price_price_i][start_date]', true, '', 'default_price_3')); ?></td>'
+ '<td><?php echo functions::general_escape_js(functions::form_draw_datetime_field('default_price_prices[new_default_price_price_i][end_date]', true, '' , 'default_price_3')); ?></td>'
+ '<td><?php echo functions::general_escape_js(functions::form_draw_currency_field(settings::get('store_currency_code'), 'default_price_prices[new_default_price_price_i]['. settings::get("store_currency_code") .']', '', 'data-size="small"')); ?></td>'
<?php foreach (array_keys(currency::$currencies) as $currency_code) {
if ($currency_code == settings::get('store_currency_code')) continue;
?>
+ ' <td><?php echo functions::general_escape_js(functions::form_draw_currency_field($currency_code, 'default_price_prices[new_default_price_price_i]['. $currency_code .']', '', 'data-size="small"')); ?></td>'
<?php } ?>
+ ' <td class="text-right"><a class="remove" href="#" title="<?php echo htmlspecialchars(language::translate('title_remove', 'Remove')); ?>"><?php echo functions::draw_fonticon('fa-times-circle fa-lg', 'style="color: #cc3333;"'); ?></a></td>'
+ '</tr>';
while ($('input[name="default_price_prices[new_'+new_default_price_price_i+']"]').length) new_default_price_price_i++;
output = output.replace(/new_default_price_price_i/g, 'new_' + new_default_price_price_i);
$('#default-price-prices tbody').append(output);
new_default_price_price_i++;
});

var new_default_price_price_i = 1;
$('#default-price-prices').on('click', '.add', function(e) {
e.preventDefault();
var output = '<tr>'
+ ' <td><?php echo functions::general_escape_js(functions::form_draw_hidden_field('default_price_prices[new_default_price_price_i][id]', '') . functions::form_draw_default_prices_list('default_price_prices[new_default_price_price_i][default_price_id]', '4')); ?></td>'
+ '<td><?php echo functions::general_escape_js(functions::form_draw_datetime_field('default_price_prices[new_default_price_price_i][start_date]', true, '', 'default_price_4')); ?></td>'
+ '<td><?php echo functions::general_escape_js(functions::form_draw_datetime_field('default_price_prices[new_default_price_price_i][end_date]', true, '' , 'default_price_4')); ?></td>'
+ '<td><?php echo functions::general_escape_js(functions::form_draw_currency_field(settings::get('store_currency_code'), 'default_price_prices[new_default_price_price_i]['. settings::get("store_currency_code") .']', '', 'data-size="small"')); ?></td>'
<?php foreach (array_keys(currency::$currencies) as $currency_code) {
if ($currency_code == settings::get('store_currency_code')) continue;
?>
+ ' <td><?php echo functions::general_escape_js(functions::form_draw_currency_field($currency_code, 'default_price_prices[new_default_price_price_i]['. $currency_code .']', '', 'data-size="small"')); ?></td>'
<?php } ?>
+ ' <td class="text-right"><a class="remove" href="#" title="<?php echo htmlspecialchars(language::translate('title_remove', 'Remove')); ?>"><?php echo functions::draw_fonticon('fa-times-circle fa-lg', 'style="color: #cc3333;"'); ?></a></td>'
+ '</tr>';
while ($('input[name="default_price_prices[new_'+new_default_price_price_i+']"]').length) new_default_price_price_i++;
output = output.replace(/new_default_price_price_i/g, 'new_' + new_default_price_price_i);
$('#default-price-prices tbody').append(output);
new_default_price_price_i++;
});

var new_default_price_price_i = 1;
$('#default-price-prices').on('click', '.add', function(e) {
e.preventDefault();
var output = '<tr>'
+ ' <td><?php echo functions::general_escape_js(functions::form_draw_hidden_field('default_price_prices[new_default_price_price_i][id]', '') . functions::form_draw_default_prices_list('default_price_prices[new_default_price_price_i][default_price_id]', '5')); ?></td>'
+ '<td><?php echo functions::general_escape_js(functions::form_draw_datetime_field('default_price_prices[new_default_price_price_i][start_date]', true, '', 'default_price_5')); ?></td>'
+ '<td><?php echo functions::general_escape_js(functions::form_draw_datetime_field('default_price_prices[new_default_price_price_i][end_date]', true, '' , 'default_price_5')); ?></td>'
+ '<td><?php echo functions::general_escape_js(functions::form_draw_currency_field(settings::get('store_currency_code'), 'default_price_prices[new_default_price_price_i]['. settings::get("store_currency_code") .']', '', 'data-size="small"')); ?></td>'
<?php foreach (array_keys(currency::$currencies) as $currency_code) {
if ($currency_code == settings::get('store_currency_code')) continue;
?>
+ ' <td><?php echo functions::general_escape_js(functions::form_draw_currency_field($currency_code, 'default_price_prices[new_default_price_price_i]['. $currency_code .']', '', 'data-size="small"')); ?></td>'
<?php } ?>
+ ' <td class="text-right"><a class="remove" href="#" title="<?php echo htmlspecialchars(language::translate('title_remove', 'Remove')); ?>"><?php echo functions::draw_fonticon('fa-times-circle fa-lg', 'style="color: #cc3333;"'); ?></a></td>'
+ '</tr>';
while ($('input[name="default_price_prices[new_'+new_default_price_price_i+']"]').length) new_default_price_price_i++;
output = output.replace(/new_default_price_price_i/g, 'new_' + new_default_price_price_i);
$('#default-price-prices tbody').append(output);
new_default_price_price_i++;
});

var new_default_price_price_i = 1;
$('#default-price-prices').on('click', '.add', function(e) {
e.preventDefault();
var output = '<tr>'
+ ' <td><?php echo functions::general_escape_js(functions::form_draw_hidden_field('default_price_prices[new_default_price_price_i][id]', '') . functions::form_draw_default_prices_list('default_price_prices[new_default_price_price_i][default_price_id]', '6')); ?></td>'
+ '<td><?php echo functions::general_escape_js(functions::form_draw_datetime_field('default_price_prices[new_default_price_price_i][start_date]', true, '', 'default_price_6')); ?></td>'
+ '<td><?php echo functions::general_escape_js(functions::form_draw_datetime_field('default_price_prices[new_default_price_price_i][end_date]', true, '' , 'default_price_6')); ?></td>'
+ '<td><?php echo functions::general_escape_js(functions::form_draw_currency_field(settings::get('store_currency_code'), 'default_price_prices[new_default_price_price_i]['. settings::get("store_currency_code") .']', '', 'data-size="small"')); ?></td>'
<?php foreach (array_keys(currency::$currencies) as $currency_code) {
if ($currency_code == settings::get('store_currency_code')) continue;
?>
+ ' <td><?php echo functions::general_escape_js(functions::form_draw_currency_field($currency_code, 'default_price_prices[new_default_price_price_i]['. $currency_code .']', '', 'data-size="small"')); ?></td>'
<?php } ?>
+ ' <td class="text-right"><a class="remove" href="#" title="<?php echo htmlspecialchars(language::translate('title_remove', 'Remove')); ?>"><?php echo functions::draw_fonticon('fa-times-circle fa-lg', 'style="color: #cc3333;"'); ?></a></td>'
+ '</tr>';
while ($('input[name="default_price_prices[new_'+new_default_price_price_i+']"]').length) new_default_price_price_i++;
output = output.replace(/new_default_price_price_i/g, 'new_' + new_default_price_price_i);
$('#default-price-prices tbody').append(output);
new_default_price_price_i++;
});

var new_default_price_price_i = 1;
$('#default-price-prices').on('click', '.add', function(e) {
e.preventDefault();
var output = '<tr>'
+ ' <td><?php echo functions::general_escape_js(functions::form_draw_hidden_field('default_price_prices[new_default_price_price_i][id]', '') . functions::form_draw_default_prices_list('default_price_prices[new_default_price_price_i][default_price_id]', '7')); ?></td>'
+ '<td><?php echo functions::general_escape_js(functions::form_draw_datetime_field('default_price_prices[new_default_price_price_i][start_date]', true, '', 'default_price_7')); ?></td>'
+ '<td><?php echo functions::general_escape_js(functions::form_draw_datetime_field('default_price_prices[new_default_price_price_i][end_date]', true, '' , 'default_price_7')); ?></td>'
+ '<td><?php echo functions::general_escape_js(functions::form_draw_currency_field(settings::get('store_currency_code'), 'default_price_prices[new_default_price_price_i]['. settings::get("store_currency_code") .']', '', 'data-size="small"')); ?></td>'
<?php foreach (array_keys(currency::$currencies) as $currency_code) {
if ($currency_code == settings::get('store_currency_code')) continue;
?>
+ ' <td><?php echo functions::general_escape_js(functions::form_draw_currency_field($currency_code, 'default_price_prices[new_default_price_price_i]['. $currency_code .']', '', 'data-size="small"')); ?></td>'
<?php } ?>
+ ' <td class="text-right"><a class="remove" href="#" title="<?php echo htmlspecialchars(language::translate('title_remove', 'Remove')); ?>"><?php echo functions::draw_fonticon('fa-times-circle fa-lg', 'style="color: #cc3333;"'); ?></a></td>'
+ '</tr>';
while ($('input[name="default_price_prices[new_'+new_default_price_price_i+']"]').length) new_default_price_price_i++;
output = output.replace(/new_default_price_price_i/g, 'new_' + new_default_price_price_i);
$('#default-price-prices tbody').append(output);
new_default_price_price_i++;
});

var new_default_price_price_i = 1;
$('#default-price-prices').on('click', '.add', function(e) {
e.preventDefault();
var output = '<tr>'
+ ' <td><?php echo functions::general_escape_js(functions::form_draw_hidden_field('default_price_prices[new_default_price_price_i][id]', '') . functions::form_draw_default_prices_list('default_price_prices[new_default_price_price_i][default_price_id]', '8')); ?></td>'
+ '<td><?php echo functions::general_escape_js(functions::form_draw_datetime_field('default_price_prices[new_default_price_price_i][start_date]', true, '', 'default_price_8')); ?></td>'
+ '<td><?php echo functions::general_escape_js(functions::form_draw_datetime_field('default_price_prices[new_default_price_price_i][end_date]', true, '' , 'default_price_8')); ?></td>'
+ '<td><?php echo functions::general_escape_js(functions::form_draw_currency_field(settings::get('store_currency_code'), 'default_price_prices[new_default_price_price_i]['. settings::get("store_currency_code") .']', '', 'data-size="small"')); ?></td>'
<?php foreach (array_keys(currency::$currencies) as $currency_code) {
if ($currency_code == settings::get('store_currency_code')) continue;
?>
+ ' <td><?php echo functions::general_escape_js(functions::form_draw_currency_field($currency_code, 'default_price_prices[new_default_price_price_i]['. $currency_code .']', '', 'data-size="small"')); ?></td>'
<?php } ?>
+ ' <td class="text-right"><a class="remove" href="#" title="<?php echo htmlspecialchars(language::translate('title_remove', 'Remove')); ?>"><?php echo functions::draw_fonticon('fa-times-circle fa-lg', 'style="color: #cc3333;"'); ?></a></td>'
+ '</tr>';
while ($('input[name="default_price_prices[new_'+new_default_price_price_i+']"]').length) new_default_price_price_i++;
output = output.replace(/new_default_price_price_i/g, 'new_' + new_default_price_price_i);
$('#default-price-prices tbody').append(output);
new_default_price_price_i++;
});

var new_default_price_price_i = 1;
$('#default-price-prices').on('click', '.add', function(e) {
e.preventDefault();
var output = '<tr>'
+ ' <td><?php echo functions::general_escape_js(functions::form_draw_hidden_field('default_price_prices[new_default_price_price_i][id]', '') . functions::form_draw_default_prices_list('default_price_prices[new_default_price_price_i][default_price_id]', '9')); ?></td>'
+ '<td><?php echo functions::general_escape_js(functions::form_draw_datetime_field('default_price_prices[new_default_price_price_i][start_date]', true, '', 'default_price_9')); ?></td>'
+ '<td><?php echo functions::general_escape_js(functions::form_draw_datetime_field('default_price_prices[new_default_price_price_i][end_date]', true, '' , 'default_price_9')); ?></td>'
+ '<td><?php echo functions::general_escape_js(functions::form_draw_currency_field(settings::get('store_currency_code'), 'default_price_prices[new_default_price_price_i]['. settings::get("store_currency_code") .']', '', 'data-size="small"')); ?></td>'
<?php foreach (array_keys(currency::$currencies) as $currency_code) {
if ($currency_code == settings::get('store_currency_code')) continue;
?>
+ ' <td><?php echo functions::general_escape_js(functions::form_draw_currency_field($currency_code, 'default_price_prices[new_default_price_price_i]['. $currency_code .']', '', 'data-size="small"')); ?></td>'
<?php } ?>
+ ' <td class="text-right"><a class="remove" href="#" title="<?php echo htmlspecialchars(language::translate('title_remove', 'Remove')); ?>"><?php echo functions::draw_fonticon('fa-times-circle fa-lg', 'style="color: #cc3333;"'); ?></a></td>'
+ '</tr>';
while ($('input[name="default_price_prices[new_'+new_default_price_price_i+']"]').length) new_default_price_price_i++;
output = output.replace(/new_default_price_price_i/g, 'new_' + new_default_price_price_i);
$('#default-price-prices tbody').append(output);
new_default_price_price_i++;
});

var new_default_price_price_i = 1;
$('#default-price-prices').on('click', '.add', function(e) {
e.preventDefault();
var output = '<tr>'
+ ' <td><?php echo functions::general_escape_js(functions::form_draw_hidden_field('default_price_prices[new_default_price_price_i][id]', '') . functions::form_draw_default_prices_list('default_price_prices[new_default_price_price_i][default_price_id]', '10')); ?></td>'
+ '<td><?php echo functions::general_escape_js(functions::form_draw_datetime_field('default_price_prices[new_default_price_price_i][start_date]', true, '', 'default_price_10')); ?></td>'
+ '<td><?php echo functions::general_escape_js(functions::form_draw_datetime_field('default_price_prices[new_default_price_price_i][end_date]', true, '' , 'default_price_10')); ?></td>'
+ '<td><?php echo functions::general_escape_js(functions::form_draw_currency_field(settings::get('store_currency_code'), 'default_price_prices[new_default_price_price_i]['. settings::get("store_currency_code") .']', '', 'data-size="small"')); ?></td>'
<?php foreach (array_keys(currency::$currencies) as $currency_code) {
if ($currency_code == settings::get('store_currency_code')) continue;
?>
+ ' <td><?php echo functions::general_escape_js(functions::form_draw_currency_field($currency_code, 'default_price_prices[new_default_price_price_i]['. $currency_code .']', '', 'data-size="small"')); ?></td>'
<?php } ?>
+ ' <td class="text-right"><a class="remove" href="#" title="<?php echo htmlspecialchars(language::translate('title_remove', 'Remove')); ?>"><?php echo functions::draw_fonticon('fa-times-circle fa-lg', 'style="color: #cc3333;"'); ?></a></td>'
+ '</tr>';
while ($('input[name="default_price_prices[new_'+new_default_price_price_i+']"]').length) new_default_price_price_i++;
output = output.replace(/new_default_price_price_i/g, 'new_' + new_default_price_price_i);
$('#default-price-prices tbody').append(output);
new_default_price_price_i++;
});

</script>

      ]]></add>
        </operation>
    </file>

    <file name="includes/entities/ent_currency.inc.php">
        <operation error="log">

            <search position="after" offset="1"><![CDATA[
            throw new Exception('Cannot rename the store currency.');
      ]]></search>
            <add><![CDATA[
            database::query(
                  "alter table ". DB_TABLE_PRODUCTS_STOCK_QUANTITY_PRICES ."
              change `". database::input($currency['code']) ."` `". database::input($this->data['code']) ."` decimal(11, 4) not null;"
              );
      ]]></add>
        </operation>

        <operation error="log">
            <search position="after" offset="1"><![CDATA[
        $this->data['id'] = database::insert_id();
      ]]></search>
            <add><![CDATA[

      $products_stock_prices_query = database::query(
            "show fields from ". DB_TABLE_PRODUCTS_STOCK_QUANTITY_PRICES ."
        where `Field` = '". database::input($this->data['code']) ."';"
        );
        if (database::num_rows($products_stock_prices_query) == 0) {
            database::query(
                "alter table ". DB_TABLE_PRODUCTS_STOCK_QUANTITY_PRICES ."
          add `". database::input($this->data['code']) ."` decimal(11, 4) not null;"
            );
        }
      ]]></add>
        </operation>

        <operation error="log">
            <search position="after" offset="1"><![CDATA[
            throw new Exception('Cannot rename the store currency.');
      ]]></search>
            <add><![CDATA[
            database::query(
                  "alter table ". DB_TABLE_PRODUCTS_PRICES_BY_DEFAULT_PRICE ."
              change `". database::input($currency['code']) ."` `". database::input($this->data['code']) ."` decimal(11, 4) not null;"
              );
      ]]></add>
        </operation>

        <operation error="log">
            <search position="after" offset="1"><![CDATA[
        $this->data['id'] = database::insert_id();
      ]]></search>
            <add><![CDATA[

      $products_default_price_query = database::query(
            "show fields from ". DB_TABLE_PRODUCTS_PRICES_BY_DEFAULT_PRICE ."
        where `Field` = '". database::input($this->data['code']) ."';"
        );
        if (database::num_rows($products_default_price_query) == 0) {
            database::query(
                "alter table ". DB_TABLE_PRODUCTS_PRICES_BY_DEFAULT_PRICE ."
          add `". database::input($this->data['code']) ."` decimal(11, 4) not null;"
            );
        }
      ]]></add>
        </operation>
    </file>

    <file name="includes/entities/ent_product.inc.php">
        <operation error="log">
            <search position="after"><![CDATA[
      $this->data['prices'] = array();
      ]]></search>
            <add><![CDATA[
      $this->data['stock_quantity_prices'] = array();
      ]]></add>
        </operation>

        <operation error="log">
            <search position="before" offset="1"><![CDATA[
      $product_campaigns_query = database::query(
      ]]></search>
            <add><![CDATA[
      // Stock Quantity Prices
       $product_stock_quantity_prices_query = database::query(
            "select * from ". DB_TABLE_PRODUCTS_STOCK_QUANTITY_PRICES ."
        where product_id = '". (int)$this->data['id'] ."'
        order by stock_quantity;"
        );
        while ($product_stock_quantity_price = database::fetch($product_stock_quantity_prices_query)) {
            $this->data['stock_quantity_prices'][$product_stock_quantity_price['id']] = $product_stock_quantity_price;
        }

      ]]></add>
        </operation>

        <operation error="log">
            <search position="after" offset="5"><![CDATA[
          "update ". DB_TABLE_PRODUCTS_PRICES ." set
      ]]></search>
            <add><![CDATA[

      // delete stock quantity price
      database::query(
            "delete from ". DB_TABLE_PRODUCTS_STOCK_QUANTITY_PRICES ."
        where product_id = '". (int)$this->data['id'] ."'
        and id not in ('". @implode("', '", @array_keys($this->data['stock_quantity_prices'])) ."');"
        );
     // update stock quantity price
        if (!empty($this->data['stock_quantity_prices'])) {
            foreach (array_keys($this->data['stock_quantity_prices']) as $key) {
                if (empty($this->data['stock_quantity_prices'][$key]['id'])) {
                    database::query(
                        "insert into ". DB_TABLE_PRODUCTS_STOCK_QUANTITY_PRICES ."
              (product_id)
              values ('". (int)$this->data['id'] ."');"
                    );
                    $this->data['stock_quantity_prices'][$key]['id'] = database::insert_id();
                }

                $sql_currency_stock_quantity_prices = "";
                foreach (array_keys(currency::$currencies) as $currency_code) {
                    $sql_currency_stock_quantity_prices .= $currency_code ." = '". (float)$this->data['stock_quantity_prices'][$key][$currency_code] ."', ";
                }
                $sql_currency_stock_quantity_prices = rtrim($sql_currency_stock_quantity_prices, ', ');

                database::query(
                    "update ". DB_TABLE_PRODUCTS_STOCK_QUANTITY_PRICES ." set
            stock_quantity = ". (int)$this->data['stock_quantity_prices'][$key]['stock_quantity'] .",
            $sql_currency_stock_quantity_prices
            where product_id = '". (int)$this->data['id'] ."'
            and id = '". (int)$this->data['stock_quantity_prices'][$key]['id'] ."'
            limit 1;"
                );
            }
        }
      ]]></add>
        </operation>

        <operation error="log">
            <search position="after" offset="2"><![CDATA[
        "delete from ". DB_TABLE_PRODUCTS_PRICES ."
      ]]></search>
            <add><![CDATA[
      database::query(
            "delete from ". DB_TABLE_PRODUCTS_STOCK_QUANTITY_PRICES ."
        where product_id = '". (int)$this->data['id'] ."';"
        );
      ]]></add>
        </operation>
        
        <operation error="log">
            <search position="after"><![CDATA[
      $this->data['prices'] = array();
      ]]></search>
            <add><![CDATA[
      $this->data['default_price_prices'] = array();
      ]]></add>
        </operation>

        <operation error="log">
            <search position="before" offset="1"><![CDATA[
      $product_campaigns_query = database::query(
      ]]></search>
            <add><![CDATA[
      $product_default_price_prices_query = database::query(
            "select * from ". DB_TABLE_PRODUCTS_PRICES_BY_DEFAULT_PRICE ."
        where product_id = '". (int)$this->data['id'] ."'
        order by default_price_id;"
        );
      while ($default_price_price = database::fetch($product_default_price_prices_query)) {
            $this->data['default_price_prices'][$default_price_price['id']] = $default_price_price;
       }

      ]]></add>
        </operation>

        <operation error="log">
            <search position="after" offset="5"><![CDATA[
          "update ". DB_TABLE_PRODUCTS_PRICES ." set
      ]]></search>
            <add><![CDATA[

      // delete default price
        database::query(
            "delete from ". DB_TABLE_PRODUCTS_PRICES_BY_DEFAULT_PRICE ."
        where product_id = '". (int)$this->data['id'] ."'
        and id not in ('". @implode("', '", @array_keys($this->data['default_price_prices'])) ."');"
        );
      // update default price
        if (!empty($this->data['default_price_prices'])) {
            foreach (array_keys($this->data['default_price_prices']) as $key) {
                if (empty($this->data['default_price_prices'][$key]['id'])) {
                    database::query(
                        "insert into ". DB_TABLE_PRODUCTS_PRICES_BY_DEFAULT_PRICE ."
              (product_id)
              values ('". (int)$this->data['id'] ."');"
                    );
                    $this->data['default_price_prices'][$key]['id'] = database::insert_id();
                }

                $sql_currency_default_price_prices = "";
                foreach (array_keys(currency::$currencies) as $currency_code) {
                    $sql_currency_default_price_prices .= $currency_code ." = '". (float)$this->data['default_price_prices'][$key][$currency_code] ."', ";
                }
                $sql_currency_default_price_prices = rtrim($sql_currency_default_price_prices, ', ');

                database::query(
                    "update ". DB_TABLE_PRODUCTS_PRICES_BY_DEFAULT_PRICE ." set
            default_price_id = ". (int)$this->data['default_price_prices'][$key]['default_price_id'] .",
            start_date = ". (empty($this->data['default_price_prices'][$key]['start_date']) ? "NULL" : "'". date('Y-m-d H:i:s', strtotime($this->data['default_price_prices'][$key]['start_date'])) ."'") .",
            end_date = ". (empty($this->data['default_price_prices'][$key]['end_date']) ? "NULL" : "'". date('Y-m-d H:i:s', strtotime($this->data['default_price_prices'][$key]['end_date'])) ."'") .",
            $sql_currency_default_price_prices
            where product_id = '". (int)$this->data['id'] ."'
            and id = '". (int)$this->data['default_price_prices'][$key]['id'] ."'
            limit 1;"
                );
            }
        }
      ]]></add>
        </operation>

        <operation error="log">
            <search position="after" offset="2"><![CDATA[
        "delete from ". DB_TABLE_PRODUCTS_PRICES ."
      ]]></search>
            <add><![CDATA[
      database::query(
            "delete from ". DB_TABLE_PRODUCTS_PRICES_BY_DEFAULT_PRICE ."
        where product_id = '". (int)$this->data['id'] ."';"
        );
      ]]></add>
        </operation>
    </file>        

    <file name="includes/functions/func_catalog.inc.php">
        <operation error="log">
            <search position="replace"><![CDATA[pp.price, ]]></search>
            <add><![CDATA[pp.price, psqp.stock_quantity_price, ]]></add>
        </operation>

        <operation error="log">
            <search position="after"><![CDATA[
      ) pp on (pp.product_id = p.id)
      ]]></search>
            <add><![CDATA[
      left join (
        select product_id, stock_quantity ,if(`". database::input(currency::$selected['code']) ."`, `". database::input(currency::$selected['code']) ."` / ". (float)currency::$selected['value'] .", `". database::input(settings::get('store_currency_code')) ."`) as stock_quantity_price
        from ". DB_TABLE_PRODUCTS_STOCK_QUANTITY_PRICES ."
      ) psqp on (psqp.product_id = p.id and psqp.stock_quantity = p.quantity)
      ]]></add>
        </operation>
        
        <operation error="log">
            <search position="replace"><![CDATA[pp.price, ]]></search>
            <add><![CDATA[pp.price, ppbdp.default_price_price, ]]></add>
        </operation>

        <operation error="log">
            <search position="after"><![CDATA[
      ) pp on (pp.product_id = p.id)
      ]]></search>
            <add><![CDATA[
      left join (
        select product_id, if(`". database::input(currency::$selected['code']) ."`, `". database::input(currency::$selected['code']) ."` / ". (float)currency::$selected['value'] .", `". database::input(settings::get('store_currency_code')) ."`) as default_price_price
        from ". DB_TABLE_PRODUCTS_PRICES_BY_DEFAULT_PRICE ."
        where (start_date <= '". date('Y-m-d H:i:s') ."')
        and (year(end_date) < '1971' or end_date >= '". date('Y-m-d H:i:s') ."')
        order by end_date asc
      ) ppbdp on (ppbdp.product_id = p.id)
      ]]></add>
        </operation>
    </file>        

    <file name="pages/search.inc.php">
        <operation error="log">
            <search position="replace"><![CDATA[pp.price, ]]></search>
            <add><![CDATA[pp.price, psqp.stock_quantity_price, ]]></add>
        </operation>

        <operation error="log">
            <search position="after"><![CDATA[
      ) pp on (pp.product_id = p.id)
      ]]></search>
           <add><![CDATA[
      left join (
        select product_id, stock_quantity ,if(`". database::input(currency::$selected['code']) ."`, `". database::input(currency::$selected['code']) ."` / ". (float)currency::$selected['value'] .", `". database::input(settings::get('store_currency_code')) ."`) as stock_quantity_price
        from ". DB_TABLE_PRODUCTS_STOCK_QUANTITY_PRICES ."
      ) psqp on (psqp.product_id = p.id and psqp.stock_quantity = p.quantity)
      ]]></add>
        </operation>

        <operation error="log">
            <search position="replace"><![CDATA[pp.price, ]]></search>
            <add><![CDATA[pp.price, ppbdp.default_price_price, ]]></add>
        </operation>

        <operation error="log">
            <search position="after"><![CDATA[
      ) pp on (pp.product_id = p.id)
      ]]></search>
            <add><![CDATA[
      left join (
        select product_id, if(`". database::input(currency::$selected['code']) ."`, `". database::input(currency::$selected['code']) ."` / ". (float)currency::$selected['value'] .", `". database::input(settings::get('store_currency_code')) ."`) as default_price_price
        from ". DB_TABLE_PRODUCTS_PRICES_BY_DEFAULT_PRICE ."
        where (start_date <= '". date('Y-m-d H:i:s') ."')
        and (year(end_date) < '1971' or end_date >= '". date('Y-m-d H:i:s') ."')
        order by end_date asc
      ) ppbdp on (ppbdp.product_id = p.id)
      ]]></add>
        </operation>
    </file>

    <file name="includes/functions/func_draw.inc.php">
        <operation error="log">
            <search position="before"><![CDATA[
    return $listing_product->stitch('views/listing_product_'.$listing_type);
      ]]></search>
            <add><![CDATA[
    if (isset($product['stock_quantity_price']) && (float)$product['stock_quantity_price'] > 0) {
          $listing_product->snippets['regular_price'] = tax::get_price($product['stock_quantity_price'], $product['tax_class_id']);
      }
      ]]></add>
        </operation>

        <operation error="log">
            <search position="before"><![CDATA[
    return $listing_product->stitch('views/listing_product_'.$listing_type);
      ]]></search>
            <add><![CDATA[
    if (isset($product['default_price_price']) && (float)$product['default_price_price'] > 0) {
          $listing_product->snippets['regular_price'] = tax::get_price($product['default_price_price'], $product['tax_class_id']);
      }
      ]]></add>
        </operation>
    </file>

    <file name="includes/references/ref_product.inc.php">
        <operation error="log">
            <search position="before" offset="2"><![CDATA[
            case 'quantity_unit':
      ]]></search>
            <add><![CDATA[
            $products_query = database::query(
                "select quantity from ". DB_TABLE_PRODUCTS ."
            where id = ". (int)$this->_id ."
            limit 1;"
            );
            $product_info = database::fetch($products_query);
            error_log(json_encode($product_info));
            if(isset($product_info['quantity'])){
            $product_stock_quantity_prices_query = database::query(
                "select * from ". DB_TABLE_PRODUCTS_STOCK_QUANTITY_PRICES ."
                  where product_id = ". (int)$this->_id ."
                  and stock_quantity = ".$product_info['quantity']."
                  order by id desc
                  limit 1;"
            );

            while ($stock_quantity_price = database::fetch($product_stock_quantity_prices_query)) {
                if (isset($stock_quantity_price[$this->_currency_code]) && $stock_quantity_price[$this->_currency_code] != 0) {
                    $this->_data['price'] = currency::convert($stock_quantity_price[$this->_currency_code], $this->_currency_code, settings::get('store_currency_code'));
                } else {
                    $this->_data['price'] = $stock_quantity_price[settings::get('store_currency_code')];
                }
            }}
      ]]></add>
        </operation>

        <operation error="log">
            <search position="before" offset="2"><![CDATA[
            case 'quantity_unit':
      ]]></search>
            <add><![CDATA[
            $product_default_price_prices_query = database::query(
                "select * from ". DB_TABLE_PRODUCTS_PRICES_BY_DEFAULT_PRICE ."
                  where product_id = ". (int)$this->_id ."
                  and (year(start_date) < '1971' or start_date <= '". date('Y-m-d H:i:s') ."')
                  and (year(end_date) < '1971' or end_date >= '". date('Y-m-d H:i:s') ."')
                  order by id desc
                  limit 1;"
            );

            while ($default_price_price = database::fetch($product_default_price_prices_query)) {
                if (isset($default_price_price[$this->_currency_code]) && $default_price_price[$this->_currency_code] != 0) {
                    $this->_data['price'] = currency::convert($default_price_price[$this->_currency_code], $this->_currency_code, settings::get('store_currency_code'));
                } else {
                    $this->_data['price'] = $default_price_price[settings::get('store_currency_code')];
                }
            }
      ]]></add>
        </operation>
    </file>

</modification>