<?xml version="1.0" encoding="UTF-8"?>
<modification>
    <id>Default Prices</id>
    <version>2.1.1</version>
    <vqmver required="true">2.4.0</vqmver>
    <author>tim-international.net</author>

    <file name="admin/catalog.app/config.inc.php">
        <operation error="log">
            <search position="before" offset="1"><![CDATA[
        'title' => language::translate('title_attribute_groups', 'Attribute Groups'),
      ]]></search>
            <add><![CDATA[
      array(
        'title' => language::translate('title_default_prices', 'Default Prices'),
        'doc' => 'default_prices',
        'params' => array(),
      ),
      ]]></add>
        </operation>

        <operation error="log">
            <search position="after"><![CDATA[
      'edit_quantity_unit' => 'edit_quantity_unit.inc.php',
      ]]></search>
            <add><![CDATA[
      'default_prices' => 'default_prices.inc.php',
      'edit_default_price' => 'edit_default_price.inc.php',
      ]]></add>
        </operation>
    </file>

    <file name="includes/functions/func_form.inc.php">
        <operation error="log">
            <search position="after" offset="1"><![CDATA[
      case 'customers':
      ]]></search>
            <add><![CDATA[
      case 'default_prices':
        return functions::form_draw_default_prices_list($name, $input);
      ]]></add>
        </operation>

        <operation error="log">
            <search position="before"><![CDATA[
  function form_draw_delivery_statuses_list($name, $input=true, $multiple=false, $parameters='') {
      ]]></search>
            <add><![CDATA[
  function form_draw_default_prices_list($name, $input=true, $multiple=false, $parameters='') {

    if ($input === true) $input = form_reinsert_value($name);

    $options = array(array('-- '. language::translate('title_select').' --', ''));

    $default_prices_query = database::query(
        "select * from ". DB_TABLE_PRODUCTS_DEFAULT_PRICES ."
      order by name asc;"
    );

    while($default_price = database::fetch($default_prices_query)) {
        $options[] = array($default_price['name'], $default_price['id']);
    }

    return functions::form_draw_select_field($name, $options, $input, $parameters);
  }
      ]]></add>
        </operation>
    </file>

    <file name="includes/config.inc.php">
        <operation error="log">
            <search position="after"><![CDATA[
      define('DB_TABLE_ZONES_TO_GEO_ZONES',                '`'. DB_DATABASE .'`.`'. DB_TABLE_PREFIX . 'zones_to_geo_zones`');
      ]]></search>
            <add><![CDATA[
      define('DB_TABLE_PRODUCTS_DEFAULT_PRICES',           '`'. DB_DATABASE .'`.`'. DB_TABLE_PREFIX . 'products_default_prices`');
      ]]></add>
        </operation>
    </file>
</modification>