<?xml version="1.0" encoding="UTF-8"?>
<modification>
  <id>Hide Prices From Guests</id>
  <version>2.0</version>
  <vqmver required="true">2.4.0</vqmver>
  <author>tim-international.net</author>



  <file name="includes/templates/*.catalog/views/box_product.inc.php">
 		<operation error="log">
			<search position="replace" offset="14"><![CDATA[
      <a class="main-image thumbnail" href="<?php echo document::href_link(WS_DIR_APP . $image['original']); ?>" data-toggle="lightbox" data-gallery="product">
      ]]></search>
			<add><![CDATA[
      <?php if (empty(customer::$data['forbidden'] == 0) || (empty(reference::product($product_id)->forbidden))) { ?>
          <a class="main-image thumbnail" href="<?php echo document::href_link(WS_DIR_APP . $image['original']); ?>" data-toggle="lightbox" data-gallery="product">
            <img class="img-responsive" src="<?php echo document::href_link(WS_DIR_APP . $image['thumbnail']); ?>" srcset="<?php echo document::href_link(WS_DIR_APP . $image['thumbnail']); ?> 1x, <?php echo document::href_link(WS_DIR_APP . $image['thumbnail_2x']); ?> 2x" alt="" title="<?php echo htmlspecialchars($name); ?>" />
          </a>
        </div>
        
        <?php } else { ?>
        <?php if (empty(customer::$data['forbidden'] == 1) || (!empty(customer::$data['id'])) || (empty(reference::product($product_id)->forbidden))) { ?>
        <div class="image-wrapper">
          <img class="image img-responsive" src="<?php echo WS_DIR_IMAGES; ?>logotype hidden.png" srcset="" alt="<?php echo WS_DIR_IMAGES; ?>logotype hidden.png" />
        </div>
        </div>        
        <?php } ?>
        <?php } ?>

	  <div class="col-xs-12">
      <div style="text-align: center;">
      <?php echo language::translate('title_photos_are_of', 'Photos are of a prototype and the actual product may differ'); ?>
      </div>
      </div>


        <?php foreach ($extra_images as $image) { ?>
        <div class="col-xs-4">
            <?php if (empty(customer::$data['forbidden'] == 0) || (empty(reference::product($product_id)->forbidden))) { ?>
          <a class="extra-image thumbnail" href="<?php echo document::href_link(WS_DIR_APP . $image['original']); ?>" data-toggle="lightbox" data-gallery="product">
            <img class="img-responsive" src="<?php echo document::href_link(WS_DIR_APP . $image['thumbnail']); ?>" srcset="<?php echo document::href_link(WS_DIR_APP . $image['thumbnail']); ?> 1x, <?php echo document::href_link(WS_DIR_APP . $image['thumbnail_2x']); ?> 2x" alt="" title="<?php echo htmlspecialchars($name); ?>" />
          </a>
        <?php } else { ?>
        <?php if (empty(customer::$data['forbidden'] == 1) || (!empty(customer::$data['id'])) || (empty(reference::product($product_id)->forbidden))) { ?>
        <div class="extra-image">
		<img class="img-responsive" src="<?php echo WS_DIR_IMAGES; ?>logotype hidden.png" srcset="<?php echo WS_DIR_IMAGES; ?>logotype hidden.png" alt="<?php echo WS_DIR_IMAGES; ?>logotype hidden.png" title="<?php echo WS_DIR_IMAGES; ?>logotype hidden.png" />
        </div>
        <?php } ?>
        <?php } ?>
        </div>
        <?php } ?>
      </div>

      ]]></add>
		</operation> 
      
    <operation error="log">
      <search position="replace" offset="6"><![CDATA[
        <div class="price-wrapper">
      ]]></search>
      <add><![CDATA[
            <div class="price-wrapper">
            <?php if (!empty($campaign_price) && (empty(reference::product($product_id)->signin))) { ?> 
            <del class="regular-price"><?php echo currency::format($regular_price); ?></del> <strong class="campaign-price2"><?php echo currency::format($campaign_price); ?></strong>
            <?php } else { ?>
            <?php if (empty(customer::$data['id']) && (!empty($campaign_price) || (!empty(reference::product($product_id)->signin)))) { ?> 
            <span style="font-size: 19px;">
            <a href="<?php echo document::href_link('login', array('redirect_url' => document::link())); ?>"><?php echo language::translate('text_Kindly_sign_in_to_see_price_&_picture_/_order_this_item', 'Kindly sign in to see price & picture / order this item'); ?></span></a>
            <?php } else if (customer::$data['code'] == 1) { ?>
            <span class="price"><?php echo currency::format($regular_price); ?></span>
            <?php } else if ($campaign_price) { ?>
            <del class="regular-price"><?php echo currency::format($regular_price); ?></del> <strong class="campaign-price"><?php echo currency::format($campaign_price); ?></strong>
            <?php } else { ?>
            <span class="price"><?php echo currency::format($regular_price); ?></span>
            <?php } ?>            
            <?php } ?>
            </div>
      ]]></add>
    </operation>
    
		<operation error="log">
			<search position="replace" offset="1"><![CDATA[
      <div style="flex: 1 0 auto; padding-left: 1em;">
      ]]></search>
			<add><![CDATA[
	 <div style="flex: 1 0 auto; padding-left: 1em;">		
     <?php if (!empty(customer::$data['id']) || (empty(reference::product($product_id)->signin))) { ?>
     <?php echo '<button class="btn btn-success" name="add_cart_product" value="true" type="submit"'. (($quantity <= 0 && !$orderable) ? ' disabled="disabled"' : '') .'>'. language::translate('title_add_to_cart', 'Add To Cart') .'</button>'; ?>
     <?php } ?>
      ]]></add>
		</operation>
		
		
	</file>

  <file name="includes/templates/*.catalog/views/listing_product_column.inc.php">
          <operation error="log">
		  <search position="replace">
			  <![CDATA[<button]]>
		  </search>
		  <add>
			  <![CDATA[<button <?php echo !empty(customer::$data['id']) || (empty(reference::product($product_id)->signin)) ? '':'disabled="disabled"' ?>
			  ]]>
		  </add>
	  </operation>		
		
		<operation error="log">
			<search position="replace" offset="3"><![CDATA[
      <div class="image-wrapper">
      ]]></search>
			<add><![CDATA[
      <?php if (empty(customer::$data['forbidden'] == 0) || (empty(reference::product($product_id)->forbidden))) { ?>
        <div class="image-wrapper">
          <img class="image img-responsive" src="<?php echo document::href_link(WS_DIR_APP . $image['thumbnail']); ?>" srcset="<?php echo document::href_link(WS_DIR_APP . $image['thumbnail']); ?> 1x, <?php echo document::href_link(WS_DIR_APP . $image['thumbnail_2x']); ?> 2x" alt="<?php echo htmlspecialchars($name); ?>" />
          
        </div>        
        <?php } else { ?>
        <?php if (empty(customer::$data['forbidden'] == 1) || (!empty(customer::$data['id'])) || (empty(reference::product($product_id)->forbidden))) { ?>
        <div class="image-wrapper">
          <img class="image img-responsive" style="max-width: 320px; max-height: 320px;" src="<?php echo WS_DIR_IMAGES; ?>logotype hidden.png" srcset="" alt="<?php echo WS_DIR_IMAGES; ?>logotype hidden.png" />
        </div>
        <?php } ?>
        <?php } ?>
      
      ]]></add>
		</operation>
		
		<operation error="log">
			<search position="replace" offset="6"><![CDATA[
      <div class="price-wrapper">
      ]]></search>
			<add><![CDATA[
			<?php if (!empty(customer::$data['id']) || (empty(reference::product($product_id)->signin)) || (!empty(reference::product($product_id)->signin)) 
			|| (empty(reference::product($product_id)->addtocart)) || (!empty(reference::product($product_id)->addtocart))
			|| (empty(reference::product($product_id)->preorderable)) || (!empty(reference::product($product_id)->preorderable))
			|| (!empty(reference::product($product_id)->prebackorder))
			){ ?>
			
            <div class="price-wrapper">
            <?php if (!empty($campaign_price) && (empty(reference::product($product_id)->signin))) { ?> 
            <s class="regular-price"><?php echo currency::format($regular_price); ?></s> <strong class="campaign-price"><?php echo currency::format($campaign_price); ?></strong>
            <?php } else { ?>
            
            <?php if (empty(customer::$data['id']) && (!empty($campaign_price) || (!empty(reference::product($product_id)->signin)))) { ?> 
            <span class="price"><strong class="regular-price"><strong><a href="<?php echo document::href_link('login', array('redirect_url' => document::link())); ?>">
            <?php echo "See Price"; ?></strong></strong></span>
            <?php } else if (!empty(customer::$data['code'])) { ?>
            <span class="price"><?php echo currency::format($regular_price); ?></span>
            
            <?php } else if ((!empty($quantity_price)) && (!empty(customer::$data['id'])) && (reference::product($product_id)->date_valid_to >= date('Y-m-d H:i:s'))) { ?>
            <span class="regular-price"><strong><span style=" font-size: 17px;"><?php echo currency::format($quantity_price); ?> - <?php echo currency::format($regular_price); ?></strong> </span> 
            
            <?php } else if ($campaign_price) { ?>
            <s class="regular-price"><?php echo currency::format($regular_price); ?></s> <strong class="campaign-price"><?php echo currency::format($campaign_price); ?></strong>
            <?php } else { ?>
            <span style=" font-size: 17px;"><span class="price"><?php echo currency::format($regular_price); ?></span>
            <?php } ?>            
            <?php } ?>
            </div>
            <?php } ?>            
      ]]></add>
		</operation>		
	</file>

  <file name="includes/templates/*.catalog/views/listing_product_row.inc.php">
          <operation error="log">
		  <search position="replace">
			  <![CDATA[<button]]>
		  </search>
		  <add>
			  <![CDATA[<button <?php echo !empty(customer::$data['id']) || (empty(reference::product($product_id)->signin)) ? '':'disabled="disabled"' ?>
			  ]]>
		  </add>
	  </operation>		
		
		<operation error="log">
			<search position="replace" offset="3"><![CDATA[
      <div class="image-wrapper">
      ]]></search>
			<add><![CDATA[
      <?php if (empty(customer::$data['forbidden'] == 0) || (empty(reference::product($product_id)->forbidden))) { ?>
        <div class="image-wrapper">
          <img class="image img-responsive" src="<?php echo document::href_link(WS_DIR_APP . $image['thumbnail']); ?>" srcset="<?php echo document::href_link(WS_DIR_APP . $image['thumbnail']); ?> 1x, <?php echo document::href_link(WS_DIR_APP . $image['thumbnail_2x']); ?> 2x" alt="<?php echo htmlspecialchars($name); ?>" />
          
        </div>        
        <?php } else { ?>
        <?php if (empty(customer::$data['forbidden'] == 1) || (!empty(customer::$data['id'])) || (empty(reference::product($product_id)->forbidden))) { ?>
        <div class="image-wrapper">
          <img class="image img-responsive" style="max-width: 160px; max-height: 160px;" src="<?php echo WS_DIR_IMAGES; ?>logotype hidden.png" srcset="" alt="<?php echo WS_DIR_IMAGES; ?>logotype hidden.png" />
        </div>
        <?php } ?>
        <?php } ?>
      
      ]]></add>
		</operation>
		
		<operation error="log">
			<search position="replace" offset="6"><![CDATA[
      <div class="price-wrapper">
      ]]></search>
			<add><![CDATA[
			<?php if (!empty(customer::$data['id']) || (empty(reference::product($product_id)->signin)) || (!empty(reference::product($product_id)->signin)) 
			|| (empty(reference::product($product_id)->addtocart)) || (!empty(reference::product($product_id)->addtocart))
			|| (empty(reference::product($product_id)->preorderable)) || (!empty(reference::product($product_id)->preorderable))
			|| (!empty(reference::product($product_id)->prebackorder))
			){ ?>
			
            <div class="price-wrapper">
            <?php if (!empty($campaign_price) && (empty(reference::product($product_id)->signin))) { ?> 
            <s class="regular-price"><?php echo currency::format($regular_price); ?></s> <strong class="campaign-price"><?php echo currency::format($campaign_price); ?></strong>
            <?php } else { ?>
            
            <?php if (empty(customer::$data['id']) && (!empty($campaign_price) || (!empty(reference::product($product_id)->signin)))) { ?> 
            <span class="price"><strong class="regular-price"><strong><a href="<?php echo document::href_link('login', array('redirect_url' => document::link())); ?>">
            <?php echo "See Price"; ?></strong></strong></span>
            <?php } else if (!empty(customer::$data['code'])) { ?>
            <span class="price"><?php echo currency::format($regular_price); ?></span>
            
            <?php } else if ((!empty($quantity_price)) && (!empty(customer::$data['id'])) && (reference::product($product_id)->date_valid_to >= date('Y-m-d H:i:s'))) { ?>
            <span class="regular-price"><strong><span style=" font-size: 17px;"><?php echo currency::format($quantity_price); ?> - <?php echo currency::format($regular_price); ?></strong> </span> 
            
            <?php } else if ($campaign_price) { ?>
            <s class="regular-price"><?php echo currency::format($regular_price); ?></s> <strong class="campaign-price"><?php echo currency::format($campaign_price); ?></strong>
            <?php } else { ?>
            <span style=" font-size: 17px;"><span class="price"><?php echo currency::format($regular_price); ?></span>
            <?php } ?>            
            <?php } ?>
            </div>
            <?php } ?>            
      ]]></add>
		</operation>		
	</file>
</modification>