<?xml version="1.0" encoding="utf-8"?>
<modification>
  <id>More  responsive cart</id>
  <version>0.1</version>
  <vqmver required="true">2.6.1</vqmver>
  <author>litecart_cs</author>
 
  <file name="includes/templates/default.catalog/views/box_checkout_cart.inc.php">
    <operation error="log">
      <search position="after"><![CDATA[</table>]]></search>
      <add><![CDATA[<script>
  if($(window).width() < 598){
    $("#box-checkout-cart thead").remove();
    $("#box-checkout-cart tbody tr").each(function(index, element){
      var parentElement = null;
      $(element).children("td").each(function (childIndex, childElement) {
        if(childIndex === 0){
          parentElement = $(childElement);
          parentElement.append("<div class=\"action\">");
        } else {
          if(childIndex === 2){
            $(childElement).remove();
          } else {
            if(childIndex === 4 || childIndex === 5){
              var e = $(childElement);      
              parentElement.find(".action").append(e.html());
              e.remove();
            } else {
              var e = $(childElement);      
              parentElement.append(e.html());
              e.remove();          
            }         
          }        
        }
      });
    });
    $("#box-checkout-cart tfoot tr td:first").remove();
    $("#box-checkout-cart tfoot tr td.subtotal").removeAttr("colspan");
    
    $("#box-checkout-cart tr td .image-wrapper,#box-checkout-cart tr td > div").addClass("pull-left");
    $("#box-checkout-cart tr td .image-wrapper,#box-checkout-cart tr td > div").css("margin","0 15px 10px 0").css("white-space","normal");
    $("#box-checkout-cart tr td > div.action").removeClass("pull-left").addClass("pull-right");
      
  }
</script>]]></add>
    </operation>
  </file>
</modification>