<?xml version="1.0" encoding="UTF-8"?>
<modification>
  <id>Multiple Button box Product Master</id>
  <version>2.0</version>
  <vqmver required="true">2.4.0</vqmver>
  <author>tim-international.net</author>

  <file name="admin/catalog.app/edit_product.inc.php">
    <operation error="log">
      <search position="after"><![CDATA[
      if (empty($_POST['attributes'])) $_POST['attributes'] = array();
      ]]></search>
      <add><![CDATA[
      if (!isset($_POST['preorderable'])) $_POST['preorderable'] = 0;
      if (!isset($_POST['backorder'])) $_POST['backorder'] = 0;
      if (!isset($_POST['addtocart'])) $_POST['addtocart'] = 0;
      if (!isset($_POST['pending'])) $_POST['pending'] = 0;
      if (!isset($_POST['insanedeal'])) $_POST['insanedeal'] = 0;
      if (!isset($_POST['prebackorder'])) $_POST['prebackorder'] = 0;
      if (!isset($_POST['signin'])) $_POST['signin'] = 0;
      if (!isset($_POST['forbidden'])) $_POST['forbidden'] = 0;
      if (!isset($_POST['newarrival'])) $_POST['newarrival'] = 0;
      if (!isset($_POST['specialoffer'])) $_POST['specialoffer'] = 0;
      if (!isset($_POST['preowned'])) $_POST['preowned'] = 0;
      if (!isset($_POST['restock'])) $_POST['restock'] = 0;
      ]]></add>
    </operation>

    <operation error="log">
      <search position="after" index="1"><![CDATA[
        'status',
      ]]></search>
      <add><![CDATA[
        'preorderable',
        'backorder',
        'addtocart',
        'pending',
        'insanedeal',
        'prebackorder',
        'signin',
        'forbidden',
        'newarrival',
        'specialoffer',
        'preowned',
        'restock',
      ]]></add>
    </operation>

    <operation error="log">
      <search position="after" offset="2"><![CDATA[
            <label><?php echo language::translate('title_status', 'Status'); ?></label>
      ]]></search>
      <add><![CDATA[
          <div class="form-group">
            <div class="checkbox">
              <label><?php echo functions::form_draw_checkbox('signin', '1', true); ?> <?php echo language::translate('title_signin', 'Sign-in'); ?></label>
            </div>
          </div>          

          <div class="form-group">
            <div class="checkbox">
             <label><?php echo functions::form_draw_checkbox('restock', '1', true); ?> <?php echo language::translate('title_restock', 'restock'); ?></label>
            </div>
          </div>

          <div class="form-group">
            <div class="checkbox">
             <label><?php echo functions::form_draw_checkbox('pending', '1', true); ?> <?php echo language::translate('title_pending', 'Pending'); ?></label>            
            </div>
          </div>

          <div class="form-group">
            <div class="checkbox">
              <label><?php echo functions::form_draw_checkbox('preorderable', '1', true); ?> <?php echo language::translate('title_preorderable', 'Pre-order'); ?></label>
            </div>
          </div>

          <div class="form-group">
            <div class="checkbox">
              <label><?php echo functions::form_draw_checkbox('forbidden', '1', true); ?> <?php echo language::translate('title_forbidden', 'Forbidden'); ?></label>
            </div>
          </div>
      
          <div class="form-group">
            <div class="checkbox">
              <label><?php echo functions::form_draw_checkbox('backorder', '1', true); ?> <?php echo language::translate('title_backorder', 'Backorder'); ?></label>
            </div>
          </div>

          <div class="form-group">
            <div class="checkbox">
             <label><?php echo functions::form_draw_checkbox('preowned', '1', true); ?> <?php echo language::translate('title_pre_-_owned', 'Pre-owned'); ?></label>
            </div>
          </div>

          <div class="form-group">
            <div class="checkbox">
              <label><?php echo functions::form_draw_checkbox('newarrival', '1', true); ?> <?php echo language::translate('title_newarrival', 'newarrival'); ?></label>
            </div>
          </div> 

          <div class="form-group">
            <div class="checkbox">
             <label><?php echo functions::form_draw_checkbox('insanedeal', '1', true); ?> <?php echo language::translate('title_insane_deal', 'Insane Deal'); ?></label>             
            </div>
          </div> 

          <div class="form-group">
            <div class="checkbox">
             <label><?php echo functions::form_draw_checkbox('addtocart', '1', true); ?> <?php echo language::translate('title_addtocart', 'Add To Cart'); ?></label>
            </div>
          </div>
          
          <div class="form-group">
            <div class="checkbox">
             <label><?php echo functions::form_draw_checkbox('specialoffer', '1', true); ?> <?php echo language::translate('title_special_offer', 'Special Offer'); ?></label>
            </div>
          </div>

          <div class="form-group">
            <div class="checkbox">
              <label><?php echo functions::form_draw_checkbox('prebackorder', '1', true); ?> <?php echo language::translate('title_prebackorder', 'Pre-Backorder'); ?></label>
            </div>
          </div> 
          
      ]]></add>
    </operation>
  </file>

<!-- Entities -->
  <file name="includes/entities/ent_product.inc.php">
    <operation error="log">
      <search position="before"><![CDATA[
        date_valid_from = '". database::input($this->data['date_valid_from']) ."',
      ]]></search>
      <add><![CDATA[
        preorderable = ". (!empty($this->data['preorderable']) ? 1 : 0) .",
        backorder = ". (!empty($this->data['backorder']) ? 1 : 0) .",
        addtocart = ". (!empty($this->data['addtocart']) ? 1 : 0) .",
        pending = ". (!empty($this->data['pending']) ? 1 : 0) .",
        insanedeal = ". (!empty($this->data['insanedeal']) ? 1 : 0) .",
        prebackorder = ". (!empty($this->data['prebackorder']) ? 1 : 0) .",
        signin = ". (!empty($this->data['signin']) ? 1 : 0) .",
        newarrival = ". (!empty($this->data['newarrival']) ? 1 : 0) .",
        specialoffer = ". (!empty($this->data['specialoffer']) ? 1 : 0) .",
        forbidden = ". (!empty($this->data['forbidden']) ? 1 : 0) .",
        preowned = ". (!empty($this->data['preowned']) ? 1 : 0) .",
        restock = ". (!empty($this->data['restock']) ? 1 : 0) .",
      ]]></add>
    </operation>
  </file>

<!-- Functions Catalog -->
  <file name="includes/functions/func_catalog.inc.php">
    <operation error="log">
      <search position="replace" offset=""><![CDATA[
        and (p.date_valid_from <= '". date('Y-m-d H:i:s') ."')
      ]]></search>
      <add><![CDATA[
        and (preorderable || backorder || newarrival || pending || addtocart || prebackorder != 0 or p.date_valid_from <= '". date('Y-m-d H:i:s') ."')
      ]]></add>
    </operation>
    
    <operation error="log">
	     <search position="replace" offset=""><![CDATA[
        and (year(p.date_valid_to) < '1971' or p.date_valid_to >= '". date('Y-m-d H:i:s') ."')
      ]]></search>
			<add><![CDATA[
        and (year(p.date_valid_to) > '1971' or p.date_valid_to <= '". date('Y-m-d H:i:s') ."')
      ]]></add>
		</operation>
	</file>

<!-- Search -->
  <file path="pages/" name="search.inc.php">
    <operation error="log">
      <search position="replace"><![CDATA[
      and (date_valid_from <= '". date('Y-m-d H:i:s') ."')
      ]]></search>
      <add><![CDATA[
      and (preorderable || backorder || newarrival || pending || addtocart || prebackorder != 0 or date_valid_from <= '". date('Y-m-d H:i:s') ."')
      
      ]]></add>
    </operation>

    <operation error="log">
			<search position="replace"><![CDATA[
      and (year(date_valid_to) < '1971' or date_valid_to >= '". date('Y-m-d H:i:s') ."')
      ]]></search>
			<add><![CDATA[
      and (year(date_valid_to) > '1971' or date_valid_to <= '". date('Y-m-d H:i:s') ."')
      ]]></add>
		</operation>
	</file>

<!-- Functions Draw 
  <file name="includes/functions/func_draw.inc.php">
    <operation error="log">
      <search position="after" offset="1"><![CDATA[
      $sticker = '<div class="sticker new" title="'. language::translate('title_new', 'New') .'">'. language::translate('sticker_new', 'New') .'</div>';
      ]]></search>
      <add><![CDATA[
      if (reference::product($product['id'])->preorderable && reference::product($product['id'])->date_valid_from > date('Y-m-d H:i:s')) {
        $sticker = '<div class="sticker preorder" title="'. language::translate('title_preorder', 'Pre-Order') .'">'. language::translate('sticker_preorder', 'Pre-Order') .'</div>';
      }
      ]]></add>
    </operation>
  </file>
-->

<!-- Page -->
  <file name="pages/product.inc.php">
     <operation error="log">
      <search position="replace" offset="3"><![CDATA[
   if ($product->date_valid_from > date('Y-m-d H:i:s')) {
      ]]></search>
      <add><![CDATA[

      ]]></add>
    </operation> 
    
     <operation error="log">
      <search position="replace" offset="3"><![CDATA[
   if (substr($product->date_valid_to, 0, 10) != '0000-00-00' && substr($product->date_valid_to, 0, 4) > '1971' && $product->date_valid_to < date('Y-m-d H:i:s')) {
      ]]></search>
      <add><![CDATA[

      ]]></add>
    </operation>        
      
    <operation error="log">
      <search position="before"><![CDATA[
  if (empty($_GET['category_id']) && empty($product->manufacturer)) {
      ]]></search>
      <add><![CDATA[
  if ($product->preorderable && $product->date_valid_from > date('Y-m-d H:i:s')) {
    notices::add('notices', sprintf(language::translate('notice_product_available_for_preordering', 'The product is available for preordering but will not ship until release date %s'), strftime(language::$selected['format_date'], strtotime($product->date_valid_from))), 'preorder');
  }
  
  if ($product->prebackorder && $product->date_valid_to < date('Y-m-d H:i:s')) {
    notices::add('notices', sprintf(language::translate('notice_product_available_for_prebackorder', 'The product is available for prebackorder but will not ship until release date %s'), strftime(language::$selected['format_date'], strtotime($product->date_valid_from))), 'preorder');
  }  
  
  if ($product->backorder && $product->date_valid_from > date('Y-m-d H:i:s')) {
    notices::add('notices', sprintf(language::translate('notice_product_available_for_backorder', 'The product is available for backorder but will not ship until release date %s'), strftime(language::$selected['format_date'], strtotime($product->date_valid_from))), 'backorder');
  } 
      ]]></add>
    </operation>

    <operation error="log">
      <search position="before" offset="1"><![CDATA[
  list($width, $height) = functions::image_scale_by_width(160, settings::get('product_image_ratio'));
      ]]></search>
      <add><![CDATA[
  if ($product->preorderable && $product->date_valid_from <=> date('Y-m-d H:i:s') && ($product->quantity > 0 && !empty($product->sold_out_status['orderable']))) {
    $box_product->snippets['stock_status_value'] = language::translate('title_preorder', 'Pre-Order');
  }
  
  if ($product->backorder && $product->date_valid_from <=> date('Y-m-d H:i:s') && ($product->quantity > 0 && !empty($product->sold_out_status['orderable']))) {
    $box_product->snippets['stock_status_value'] = language::translate('title_backorder', 'backorder');
  }
  
  if ($product->addtocart && $product->date_valid_from <=> date('Y-m-d H:i:s') && ($product->quantity > 0 && !empty($product->sold_out_status['orderable']))) {
    $box_product->snippets['stock_status_value'] = language::translate('title_addtocart', 'addtocart');
  }
  
  if ($product->pending && $product->date_valid_from <=> date('Y-m-d H:i:s') && ($product->quantity > 0 && !empty($product->sold_out_status['orderable']))) {
    $box_product->snippets['stock_status_value'] = language::translate('title_pending', 'pending');
  }  
  
  if ($product->insanedeal && $product->date_valid_from <=> date('Y-m-d H:i:s') && ($product->quantity > 0 && !empty($product->sold_out_status['orderable']))) {
    $box_product->snippets['stock_status_value'] = language::translate('title_insanedeal', 'insanedeal');
  } 
  
  if ($product->specialoffer && $product->date_valid_from <=> date('Y-m-d H:i:s') && ($product->quantity > 0 && !empty($product->sold_out_status['orderable']))) {
    $box_product->snippets['stock_status_value'] = language::translate('title_specialoffer', 'specialoffer');
  }
  
  if ($product->forbidden && $product->date_valid_from <=> date('Y-m-d H:i:s') && ($product->quantity > 0 && !empty($product->sold_out_status['orderable']))) {
    $box_product->snippets['stock_status_value'] = language::translate('title_forbidden', 'forbidden');
  }   
  
  if ($product->prebackorder && $product->date_valid_from <=> date('Y-m-d H:i:s') && ($product->quantity > 0 && !empty($product->sold_out_status['orderable']))) {
    $box_product->snippets['stock_status_value'] = language::translate('title_prebackorder', 'prebackorder');
  }   
  
      ]]></add>
    </operation>
    

    <operation error="log">
      <search position="after"><![CDATA[
    'orderable' => $product->sold_out_status['orderable'],
      ]]></search>
      <add><![CDATA[
    'preorderable' => ($product->preorderable && $product->date_valid_from > date('Y-m-d H:i:s')) ? true : false,
    'backorder' => ($product->backorder && $product->date_valid_from > date('Y-m-d H:i:s')) ? true : false,
    'insanedeal' => ($product->insanedeal && $product->date_valid_from > date('Y-m-d H:i:s')) ? true : false,
    'forbidden' => ($product->forbidden && $product->date_valid_from > date('Y-m-d H:i:s')) ? true : false,
    'newarrival' => ($product->newarrival && $product->date_valid_from > date('Y-m-d H:i:s')) ? true : false,
    'preowned' => ($product->preowned&& $product->date_valid_from > date('')) ? true : false,
    'restock' => ($product->restock && $product->date_valid_from > date('')) ? true : false,

    'addtocart' => ($product->addtocarte && $product->date_valid_from <=> date('Y-m-d H:i:s')) ? true : false,
    'specialoffer' => ($product->specialoffer && $product->date_valid_from <=> date('Y-m-d H:i:s')) ? true : false,
    'pending' => ($product->pending && $product->date_valid_from <=> date('Y-m-d H:i:s')) ? true : false,  
    
    'prebackorder' => ($product->prebackorder && $product->date_valid_to < date('Y-m-d H:i:s')) ? true : false,    
      ]]></add>
    </operation>


  </file>

  	<file name="includes/templates/*.catalog/views/box_product.inc.php">
		<operation error="log">
			<search position="replace"><![CDATA[
       <?php if ($quantity > 0) { ?>
      ]]></search>
			<add><![CDATA[
	
		<?php if (!empty(reference::product($product_id)->date_valid_from < date('Y-m-d H:i:s') && reference::product($product_id)->preorderable)) { ?>
          <div class="stock-available">
            <?php echo language::translate('title_stock_status', 'Stock Status'); ?>:
            <span class="value"><font color="#c26b00"><?php echo language::translate('title_order_closed', 'Order Closed'); ?></font></span>
          </div>
        <?php if ($delivery_status) { ?>
        <div class="stock-delivery">
          <?php echo language::translate('title_delivery_status', 'Delivery Status'); ?>:
          <span class="value"><?php echo $delivery_status; ?></span>
        </div>
        <?php } ?>  	

         <?php } else if ((!empty(reference::product($product_id)->date_valid_from <=> date('Y-m-d H:i:s') && ($quantity == 0 || $orderable)))) { ?>
           <div class="stock-unavailable">
            <?php echo language::translate('title_stock_status', 'Stock Status'); ?>:
            <span class="value"><font color="#FF0000"><?php echo language::translate('title_sold_out', 'Sold Out'); ?></font></span>
          </div>
 
        
        <?php } else if (!empty(reference::product($product_id)->date_valid_to < date('Y-m-d H:i:s') && reference::product($product_id)->prebackorder)) { ?>
          <div class="stock-available">
            <?php echo language::translate('title_stock_status', 'Stock Status'); ?>:
            <span class="value"><font color="#0241B2"><?php echo language::translate('title_prebackorder', 'Pre-Backorder'); ?></font></span>
          </div>
        <?php if ($delivery_status) { ?>
        <div class="stock-delivery">
          <?php echo language::translate('title_delivery_status', 'Delivery Status'); ?>:
          <span class="value"><?php echo $delivery_status; ?></span>
        </div>
        <?php } ?> 
        
        <?php } else if (!empty(reference::product($product_id)->date_valid_from > date('Y-m-d H:i:s') && reference::product($product_id)->preorderable)) { ?>
          <div class="stock-available">
            <?php echo language::translate('title_stock_status', 'Stock Status'); ?>:
            <span class="value"><font color="#0241B2"><?php echo language::translate('title_preorder', 'Pre-Order'); ?></font></span>
          </div>
        <?php if ($delivery_status) { ?>
        <div class="stock-delivery">
          <?php echo language::translate('title_delivery_status', 'Delivery Status'); ?>:
          <span class="value"><?php echo $delivery_status; ?></span>
        </div>
        <?php } ?> 
        
        <?php } else if (!empty(reference::product($product_id)->date_valid_to < date('Y-m-d H:i:s') && reference::product($product_id)->newarrival)) { ?>
          <div class="stock-available">
            <?php echo language::translate('title_stock_status', 'Stock Status'); ?>:
            <span class="value"><font color="#009900"><?php echo language::translate('title_available', 'Available'); ?></font></span>
          </div>
        <?php if ($delivery_status) { ?>
        <div class="stock-delivery">
          <?php echo language::translate('title_delivery_status', 'Delivery Status'); ?>:
          <span class="value"><?php echo $delivery_status; ?></span>
        </div>
        <?php } ?>  

         <?php } else if (!empty(reference::product($product_id)->date_valid_from > date('Y-m-d H:i:s') && reference::product($product_id)->backorder)) { ?>
           <div class="stock-available">
            <?php echo language::translate('title_stock_status', 'Stock Status'); ?>:
            <span class="value"><font color="#732C00"><?php echo language::translate('title_backorder', 'Backorder'); ?></font></span>
          </div>
        <?php if ($delivery_status) { ?>
        <div class="stock-delivery">
          <?php echo language::translate('title_delivery_status', 'Delivery Status'); ?>:
          <span class="value"><?php echo $delivery_status; ?></span>
        </div>
        <?php } ?> 
        
         <?php } else if ($backorder && (reference::product($product_id)->date_valid_to > date('Y-m-d H:i:s'))) { ?>
           <div class="stock-available">
            <?php echo language::translate('title_stock_status', 'Stock Status'); ?>:
            <span class="value"><font color="#c26b00"><?php echo language::translate('title_order_closed', 'Order Closed'); ?></font></span>
          </div>
        <?php if ($delivery_status) { ?>
        <div class="stock-delivery">
          <?php echo language::translate('title_delivery_status', 'Delivery Status'); ?>:
          <span class="value"><?php echo $delivery_status; ?></span>
        </div>
        <?php } ?> 
        
        <?php } else if (!empty(reference::product($product_id)->date_valid_from != 0)) { ?>
           <div class="stock-available">
            <?php echo language::translate('title_stock_status', 'Stock Status'); ?>:
            <span class="value"><font color="#c26b00"><?php echo language::translate('title_order_closed', 'Order Closed'); ?></font></span>
          </div>
        <?php if ($delivery_status) { ?>
        <div class="stock-delivery">
          <?php echo language::translate('title_delivery_status', 'Delivery Status'); ?>:
          <span class="value"><?php echo $delivery_status; ?></span>
        </div>
        <?php } ?>
        
        <?php } else if ($quantity > 0) { ?>
      ]]></add>
		</operation>


		<operation error="log">
			<search position="replace"><![CDATA[
              <?php echo '<button class="btn btn-success" name="add_cart_product" value="true" type="submit"'. (($quantity <= 0 && !$orderable) ? ' disabled="disabled"' : '') .'>'. language::translate('title_add_to_cart', 'Add To Cart') .'</button>'; ?>

      ]]></search>
			<add><![CDATA[
             <?php if (!empty($campaign_price && ($quantity > 0 || !empty($product->sold_out_status['orderable'])))) { ?>
                <button class="btn btn-success btn-block_product" name="add_cart_product" style="background-image:url('/images/customize/Red.jpg');" value="true" type="submit">
	            <span style="color: #f6cd0f;"><?php echo functions::draw_fonticon('fa-shopping-cart'); ?>
	            <b><i><?php echo language::translate('title_insane_deal_!!', 'Insane Deal !!'); ?></i></b></button>
	            
                <?php } else if (!empty($campaign_price)) { ?>
                <button class="btn btn-success btn-block_product" name="add_cart_product" style="background-image:url('/images/customize/Red.jpg');" value="true" type="submit">
	            <span style="color: #f6cd0f;"><?php echo functions::draw_fonticon('fa-shopping-cart'); ?>
	            <b><i><?php echo language::translate('title_insane_deal_!!', 'Insane Deal !!'); ?></i></b></button>    	            
	            
                <?php } else if (!empty($campaign_price && ($quantity > 0 || !empty($product->sold_out_status['orderable'])))) { ?>
                <button class="btn btn-success btn-block_product" name="add_cart_product" style="background-image:url('/images/customize/Red.jpg');" value="true" type="submit">
	            <span style="color: #f6cd0f;"><?php echo functions::draw_fonticon('fa-shopping-cart'); ?>
	            <b><i><?php echo language::translate('title_insane_deal_!!', 'Insane Deal !!'); ?></i></b></button>	  	            

	            <?php } else if ($preorderable && $prebackorder && ($quantity == 0 || !empty($product->sold_out_status['orderable']))) { ?>
	            <button class="sold_out_2" disabled="disabled" name="add_cart_product" style="background-image:url('/images/customize/Dark Red.jpg');" value="true">
	            <span style="color: #000000;"><?php echo functions::draw_fonticon('fa-shopping-cart'); ?>
	            <b><i> <?php echo language::translate('title_sold_out', 'Sold Out'); ?></i></b></button>  

	            <?php } else if ($addtocart && ($quantity <= 0 || !empty($product->sold_out_status['orderable']))) { ?>
                <button class="sold_out_2" disabled="disabled" name="add_cart_product" style="background-image:url('/images/customize/Dark Red.jpg');" value="true">
	            <span style="color: #000000;"><?php echo functions::draw_fonticon('fa-shopping-cart'); ?>
	            <b><i> <?php echo language::translate('title_sold_out', 'Sold Out'); ?></i></b></button>  	            
	            
                <?php } else if (reference::product($product_id)->quantity == 0 || reference::product($product_id)->sold_out_status['orderable']) { ?>
                <button class="sold_out_2" disabled="disabled" name="add_cart_product" style="background-image:url('/images/customize/Dark Red.jpg');" value="true">
	            <span style="color: #000000;"><?php echo functions::draw_fonticon('fa-shopping-cart'); ?>
	            <b><i> <?php echo language::translate('title_sold_out', 'Sold Out'); ?></i></b></button>  
	            
		        <?php } else if ($backorder && ($quantity <= 0 )) { ?>
                <button class="sold_out_2" disabled="disabled" name="add_cart_product" style="background-image:url('/images/customize/Dark Red.jpg');" value="true">
	            <span style="color: #000000;"><?php echo functions::draw_fonticon('fa-shopping-cart'); ?>
	            <b><i> <?php echo language::translate('title_sold_out', 'Sold Out'); ?></i></b></button>  	            
	            
	            <?php } else if (!empty($campaign_price && ($quantity <= 0 || !empty($product->sold_out_status['orderable'])))) { ?>
	            <button class="sold_out_2" disabled="disabled" name="add_cart_product" style="background-image:url('/images/customize/Dark Red.jpg');" value="true">
	            <span style="color: #000000;"><?php echo functions::draw_fonticon('fa-shopping-cart'); ?>
	            <b><i> <?php echo language::translate('title_sold_out', 'Sold Out'); ?></i></b></button> 
	            
	            
	            

                <?php } else if (reference::product($product_id)->date_valid_to > date('Y-m-d H:i:s') && (!empty(reference::product($product_id)->preorderable))) { ?>
                <button class="btn btn-success btn-block_product" name="add_cart_product" style="background-image:url('/images/customize/Blue.jpg');"  type="submit">
	            <span style="color: #fcbd35;"><?php echo functions::draw_fonticon('fa-shopping-cart'); ?>
	            <b><i><?php echo language::translate('title_pre_-_order', 'Pre-Order'); ?></i></b></button>
	            
	            <?php } else if (reference::product($product_id)->date_valid_from < date('Y-m-d H:i:s') && (!empty(reference::product($product_id)->preorderable))) { ?>
                <button class="btn btn-success btn-block_product" name="add_cart_product" style="background-image:url('/images/customize/Gray.jpg');" disabled="disabled" type="submit">
	            <span style="color: #fcbd35;"><?php echo functions::draw_fonticon('fa-shopping-cart'); ?>
	            <b><i><?php echo language::translate('title_order_closed', 'Order Closed'); ?></i></b></button>	
	            
	            <?php } else if (reference::product($product_id)->date_valid_from > date('Y-m-d H:i:s') && reference::product($product_id)->prebackorder) { ?>
                <button class="btn btn-success btn-block_product" type="submit" name="add_cart_product" style="background-image:url('/images/customize/Purple Blue.jpg');" value="true">
	            <span style="color: #ffffff;"><?php echo functions::draw_fonticon('fa-shopping-cart'); ?> 
	            <b><i><?php echo language::translate('title_pre_-_backorder', 'Pre-Backorder'); ?></i></b></button>
	            
                <?php } else if (reference::product($product_id)->date_valid_to <= date('Y-m-d H:i:s') && (!empty(reference::product($product_id)->prebackorder))) { ?>
                <button class="btn btn-success btn-block_product" type="submit" name="add_cart_product" style="background-image:url('/images/customize/Purple Blue.jpg');" value="true">
	            <span style="color: #ffffff;"><?php echo functions::draw_fonticon('fa-shopping-cart'); ?> 
	            <b><i><?php echo language::translate('title_pre_-_backorder', 'Pre-Backorder'); ?></i></b></button> 
	            
	            <?php } else if (reference::product($product_id)->date_valid_from < date('Y-m-d H:i:s') && (!empty(reference::product($product_id)->prebackorder))) { ?>
                <button class="btn btn-success btn-block_product" name="add_cart_product" style="background-image:url('/images/customize/Gray.jpg');" disabled="disabled" type="submit">
	            <span style="color: #fcbd35;"><?php echo functions::draw_fonticon('fa-shopping-cart'); ?>
	            <b><i><?php echo language::translate('title_order_closed', 'Order Closed'); ?></i></b></button>	
	            
                <?php } else if ($preorderable && ($quantity > 0 || !empty($product->sold_out_status['orderable']))) { ?>
                <button class="btn btn-success btn-block_product" <?php echo !empty(customer::$data['id']) || (empty(reference::product($product_id)->signin)) ? '':'disabled="disabled"' ?> 
                class="btn btn-default btn-block" name="add_cart_product" style="background-image:url('/images/customize/Blue.jpg');" value="true" type="submit">
	            <span style="color: #fcbd35;"><?php echo functions::draw_fonticon('fa-shopping-cart'); ?>
                <b><i><?php echo language::translate('title_preorder', 'Pre-Order'); ?></i></b></button> 	            


	            <?php } else if ($backorder && ($quantity > 0 || !empty($product->sold_out_status['orderable']))) { ?>
                <button class="btn btn-success btn-block_product" type="submit" name="add_cart_product" style="background-image:url('/images/customize/Orange.jpg');" value="true">
	            <span style="color: #000000;"><?php echo functions::draw_fonticon('fa-shopping-cart'); ?> 
	            <b><i><?php echo language::translate('title_backorder', 'Backorder'); ?></i></b></button>
	           
	            <?php } else if (reference::product($product_id)->date_valid_from < date('Y-m-d H:i:s') && (!empty(reference::product($product_id)->backorder))) { ?>
                <button class="btn btn-success btn-block_product" name="add_cart_product" style="background-image:url('/images/customize/Gray.jpg');" disabled="disabled" type="submit">
	            <span style="color: #fcbd35;"><?php echo functions::draw_fonticon('fa-shopping-cart'); ?>
	            <b><i><?php echo language::translate('title_order_closed', 'Order Closed'); ?></i></b></button>
	           
	            <?php } else if (reference::product($product_id)->date_valid_from < date('Y-m-d H:i:s') && (!empty(reference::product($product_id)->preorderable))) { ?>
                <button class="btn btn-success btn-block_product" name="add_cart_product" style="background-image:url('/images/customize/Gray.jpg');" disabled="disabled" type="submit">
	            <span style="color: #fcbd35;"><?php echo functions::draw_fonticon('fa-shopping-cart'); ?>
	            <b><i><?php echo language::translate('title_order_closed', 'Order Closed'); ?></i></b></button>
	            
                <?php } else if ($newarrival && ($quantity > 0 || !empty($product->sold_out_status['orderable']))) { ?>
                <button class="btn btn-success btn-block_product" name="add_cart_product" style="background-image:url('/images/customize/Purple.jpg');" value="true" type="submit">
	            <span style="color: #fcbd35;"><?php echo functions::draw_fonticon('fa-shopping-cart'); ?>
	            <b><i><?php echo language::translate('title_new_arrivals', 'New Arrivals'); ?></i></b></button>
	           
	            <?php } else if (reference::product($product_id)->date_valid_from <= date('Y-m-d H:i:s') && (!empty(reference::product($product_id)->addtocart))) { ?>
                <button class="btn btn-success btn-block_product" name="add_cart_product" style="background-image:url('/images/customize/Green.jpg');"  type="submit">
	            <span style="color: #7a0000;"><?php echo functions::draw_fonticon('fa-shopping-cart'); ?>
	            <b><i><?php echo language::translate('title_add_to_cart', 'Add To Cart'); ?></i></b></button>
	           
	            <?php } else if ($addtocart && ($quantity > 0 || !empty($product->sold_out_status['orderable']))) { ?>
                <button class="btn btn-success btn-block_product" type="submit" name="add_cart_product" style="background-image:url('/images/customize/Green.jpg');" value="true">
	            <span style="color: #7a0000;"><?php echo functions::draw_fonticon('fa-shopping-cart'); ?> 
	            <b><i><?php echo language::translate('title_add_to_cart', 'Add To Cart'); ?></i></b></button>

                <?php } else if ($specialoffer && ($quantity > 0 || !empty($product->sold_out_status['orderable']))) { ?>
                <button class="btn btn-success btn-block_product" type="submit" name="add_cart_product" style="background-image:url('/images/customize/Goldleaf.jpg');" value="true">
	            <span style="color: #cc0000;"><?php echo functions::draw_fonticon('fa-shopping-cart'); ?> 
	            <b><i><?php echo language::translate('title_special_offer', 'Special Offer'); ?></i></b></button>                
                
                <?php } else if ($preowned && ($quantity > 0 || !empty($product->sold_out_status['orderable']))) { ?>
                <button class="btn btn-success btn-block_product" type="submit" name="add_cart_product" style="background-image:url('/images/customize/Yellow.jpg');" value="true">
	            <span style="color: #000000;"><?php echo functions::draw_fonticon('fa-shopping-cart'); ?> 
	            <b><i><?php echo language::translate('title_pre_-_owned', 'Pre-owned'); ?></i></b></button>                    
                


          
	            
                <?php } else if ($pending && ($quantity > 0 || !empty($product->sold_out_status['orderable']))) { ?>
                <button class="btn btn-success btn-block_product" disabled="disabled" name="add_cart_product" style="background-image:url('/images/customize/Lightblue.jpg');" value="true">
	            <span style="color: #0000c7;"><?php echo functions::draw_fonticon('fa-shopping-cart'); ?>
	            <b><i> <?php echo language::translate('title_pending', 'Pending'); ?></i></b></button>   

                <?php } else { ?>
                <?php echo '<button class="btn btn-success" name="add_cart_product" value="true" type="submit"'. (($quantity <= 0 && !$orderable) ? ' disabled="disabled"' : '') .'>'. language::translate('title_add_to_cart', 'Add To Cart') .'</button>'; ?>
             <?php } ?>
      ]]></add>
		</operation>

   </file>
  
  <file name="includes/library/lib_cart.inc.php">

    
    <operation error="log">
      <search position="replace" offset="3"><![CDATA[
      if ($product->date_valid_to > '1971' && $product->date_valid_to < date('Y-m-d H:i:s')) {
      ]]></search>
      <add><![CDATA[
      
      ]]></add>
    </operation>    

    <operation error="log">
      <search position="replace" offset="3"><![CDATA[
      if ($product->date_valid_from > date('Y-m-d H:i:s')) {
      ]]></search>
      <add><![CDATA[

      ]]></add>
    </operation>

    <operation error="log">
      <search position="before"><![CDATA[
        if ($quantity <= 0) {
      ]]></search>
      <add><![CDATA[

        
         
      ]]></add>
    </operation>
    
  </file>
</modification>