<?xml version="1.0" encoding="UTF-8"?>
<modification>
  <id>Product Quantity Prices</id>
  <version>2.1.1</version>
  <vqmver required="true">2.4.0</vqmver>
  <author>tim-international.net</author>

  <file name="admin/catalog.app/edit_product.inc.php">
    <operation error="log">
      <search position="after"><![CDATA[
      if (empty($_POST['images'])) $_POST['images'] = array();
      ]]></search>
      <add><![CDATA[
      if (empty($_POST['quantity_prices'])) $_POST['quantity_prices'] = array();
      ]]></add>
    </operation>

    <operation error="log">
      <search position="after" index="1"><![CDATA[
    'prices',
      ]]></search>
      <add><![CDATA[
    'quantity_prices',
      ]]></add>
    </operation>

    <operation error="log">
      <search position="before"><![CDATA[
        <h2><?php echo language::translate('title_campaigns', 'Campaigns'); ?></h2>
      ]]></search>
      <add><![CDATA[
        <h2><?php echo language::translate('title_quantity_prices', 'Quantity Prices'); ?></h2>
        <table id="quantity-prices" class="table table-striped">
          <thead>
            <tr>
              <td style="width: 200px;"><?php echo language::translate('title_quantity', 'Quantity'); ?></td>
              <td colspan="<?php echo count(currency::$currencies); ?>"><?php echo language::translate('title_price', 'Price'); ?></td>
            </tr>
          </thead>
          <tbody>
            <?php if (!empty($_POST['quantity_prices'])) foreach (array_keys($_POST['quantity_prices']) as $key) { ?>
            <tr>
              <td><?php echo functions::form_draw_hidden_field('quantity_prices['.$key.'][id]', true) . functions::form_draw_decimal_field('quantity_prices['.$key.'][quantity]', true, 2); ?></td>
              <td style="width: 250px;"><?php echo functions::form_draw_currency_field(settings::get('store_currency_code'), 'quantity_prices['.$key.']['. settings::get('store_currency_code') .']', true); ?></td>
<?php
  foreach (array_keys(currency::$currencies) as $currency_code) {
    if ($currency_code == settings::get('store_currency_code')) continue;
?>
              <td style="width: 250px;"><?php echo functions::form_draw_currency_field($currency_code, 'quantity_prices['.$key.']['. $currency_code. ']', isset($_POST['quantity_prices'][$key][$currency_code]) ? number_format($_POST['quantity_prices'][$key][$currency_code], 4, '.', '') : '', 'data-size="small"'); ?></td>
<?php
  }
?>
              <td><a class="remove" href="#" title="<?php echo htmlspecialchars(language::translate('title_remove', 'Remove')); ?>"><?php echo functions::draw_fonticon('fa-times-circle fa-lg', 'style="color: #cc3333;"'); ?></a></td>
            </tr>
            <?php } ?>
          </tbody>
          <tfoot>
            <tr>
              <td colspan="<?php echo count(currency::$currencies)+1; ?>"><a class="add" href="#" title="<?php echo htmlspecialchars(language::translate('title_add', 'Add')); ?>"><?php echo functions::draw_fonticon('fa-plus-circle', 'style="color: #66cc66;"'); ?></a></td>
            </tr>
          </tfoot>
        </table>

<script>
  $('body').on('keyup change', 'input[name^="quantity_prices"][name$="[<?php echo settings::get('store_currency_code'); ?>]"]', function() {
    var parent = $(this).closest('tr');
    var percentage = ($('input[name="prices[<?php echo settings::get('store_currency_code'); ?>]"]').val() - $(this).val()) / $('input[name="prices[<?php echo settings::get('store_currency_code'); ?>]"]').val() * 100;
    percentage = Number(percentage).toFixed(2);
    $(parent).find('input[name$="[percentage]"]').val(percentage);

    <?php foreach (currency::$currencies as $currency) { ?>
    var value = 0;
    value = $(parent).find('input[name^="quantity_prices"][name$="[<?php echo settings::get('store_currency_code'); ?>]"]').val() * <?php echo $currency['value']; ?>;
    value = Number(value).toFixed(<?php echo $currency['decimals']; ?>);
    $(parent).find('input[name^="quantity_prices"][name$="[<?php echo $currency['code']; ?>]"]').attr('placeholder', value);
    if ($(parent).find('input[name^="quantity_prices"][name$="[<?php echo $currency['code']; ?>]"]').val() == 0) {
      $(parent).find('input[name^="quantity_prices"][name$="[<?php echo $currency['code']; ?>]"]').val('');
    }
    <?php } ?>
  });
  $('input[name^="quantity_prices"][name$="[<?php echo settings::get('store_currency_code'); ?>]"]').trigger('keyup');

  var new_quantity_price_i = 1;
  $('#quantity-prices').on('click', '.add', function(e) {
    e.preventDefault();
    var output = '<tr>'
               + '  <td><?php echo str_replace(PHP_EOL, '', functions::form_draw_hidden_field('quantity_prices[new_quantity_price_i][id]', '') . functions::form_draw_decimal_field('quantity_prices[new_quantity_price_i][quantity]', '', 2, 0, null, 'data-size="tiny"')); ?></td>'
               + '  <td style="width: 250px;"><?php echo str_replace(PHP_EOL, '', functions::form_draw_currency_field(settings::get('store_currency_code'), 'quantity_prices[new_quantity_price_i]['. settings::get('store_currency_code') .']', '')); ?></td>'
<?php
  foreach (array_keys(currency::$currencies) as $currency_code) {
    if ($currency_code == settings::get('store_currency_code')) continue;
?>
               + '  <td style="width: 250px;"><?php echo str_replace(PHP_EOL, '', functions::form_draw_currency_field($currency_code, 'quantity_prices[new_quantity_price_i]['. $currency_code .']', '', 'data-size="small"')); ?></td>'
<?php
  }
?>
               + '  <td><a class="remove" href="#" title="<?php echo htmlspecialchars(language::translate('title_remove', 'Remove')); ?>"><?php echo functions::draw_fonticon('fa-times-circle fa-lg', 'style="color: #cc3333;"'); ?></a></td>'
               + '</tr>';
    while ($('input[name="quantity_prices[new_'+new_quantity_price_i+']"]').length) new_quantity_price_i++;
    output = output.replace(/new_quantity_price_i/g, 'new_' + new_quantity_price_i);
    $('#quantity-prices tbody').append(output);
    new_quantity_price_i++;
  });

  $('#quantity-prices').on('click', '.remove', function(e) {
    e.preventDefault();
    $(this).closest('tr').remove();
  });
</script>
      ]]></add>
    </operation>
  </file>

  <file name="includes/entities/ent_currency.inc.php">
    <operation error="log">
      <search position="after" offset="1"><![CDATA[
            throw new Exception('Cannot rename the store currency.');
      ]]></search>
      <add><![CDATA[
            database::query(
              "alter table ". DB_TABLE_PRODUCTS_QUANTITY_PRICES ."
              change `". database::input($currency['code']) ."` `". database::input($this->data['code']) ."` decimal(11, 4) not null;"
            );
      ]]></add>
    </operation>

    <operation error="log">
      <search position="after" offset="1"><![CDATA[
        $this->data['id'] = database::insert_id();
      ]]></search>
      <add><![CDATA[

      $products_prices_query = database::query(
        "show fields from ". DB_TABLE_PRODUCTS_QUANTITY_PRICES ."
        where `Field` = '". database::input($this->data['code']) ."';"
      );
      if (database::num_rows($products_prices_query) == 0) {
        database::query(
          "alter table ". DB_TABLE_PRODUCTS_QUANTITY_PRICES ."
          add `". database::input($this->data['code']) ."` decimal(11, 4) not null;"
        );
      }
      ]]></add>
    </operation>
  </file>

  <file name="includes/entities/ent_product.inc.php">
    <operation error="log">
      <search position="after"><![CDATA[
      $this->data['prices'] = array();
      ]]></search>
      <add><![CDATA[
      $this->data['quantity_prices'] = array();
      ]]></add>
    </operation>

    <operation error="log">
      <search position="before" offset="1"><![CDATA[
      $product_campaigns_query = database::query(
      ]]></search>
      <add><![CDATA[
      $product_quantity_prices_query = database::query(
        "select * from ". DB_TABLE_PRODUCTS_QUANTITY_PRICES ."
        where product_id = '". (int)$this->data['id'] ."'
        order by quantity;"
      );
      while ($product_quantity_price = database::fetch($product_quantity_prices_query)) {
        $this->data['quantity_prices'][$product_quantity_price['id']] = $product_quantity_price;
      }
      ]]></add>
    </operation>

    <operation error="log">
      <search position="after" offset="5"><![CDATA[
          "update ". DB_TABLE_PRODUCTS_PRICES ." set
      ]]></search>
      <add><![CDATA[

      database::query(
        "delete from ". DB_TABLE_PRODUCTS_QUANTITY_PRICES ."
        where product_id = '". (int)$this->data['id'] ."'
        and id not in ('". @implode("', '", @array_keys($this->data['quantity_prices'])) ."');"
      );

      if (!empty($this->data['quantity_prices'])) {
        foreach (array_keys($this->data['quantity_prices']) as $key) {
          if (empty($this->data['quantity_prices'][$key]['id'])) {
            database::query(
              "insert into ". DB_TABLE_PRODUCTS_QUANTITY_PRICES ."
              (product_id)
              values ('". (int)$this->data['id'] ."');"
            );
            $this->data['quantity_prices'][$key]['id'] = database::insert_id();
          }

          $sql_currency_quantity_prices = "";
          foreach (array_keys(currency::$currencies) as $currency_code) {
            $sql_currency_quantity_prices .= $currency_code ." = '". (float)$this->data['quantity_prices'][$key][$currency_code] ."', ";
          }
          $sql_currency_quantity_prices = rtrim($sql_currency_quantity_prices, ', ');

          database::query(
            "update ". DB_TABLE_PRODUCTS_QUANTITY_PRICES ." set
            quantity = ". (int)$this->data['quantity_prices'][$key]['quantity'] .",
            $sql_currency_quantity_prices
            where product_id = '". (int)$this->data['id'] ."'
            and id = '". (int)$this->data['quantity_prices'][$key]['id'] ."'
            limit 1;"
          );
        }
      }
      ]]></add>
    </operation>

    <operation error="log">
      <search position="after" offset="2"><![CDATA[
        "delete from ". DB_TABLE_PRODUCTS_PRICES ."
      ]]></search>
      <add><![CDATA[
      database::query(
        "delete from ". DB_TABLE_PRODUCTS_QUANTITY_PRICES ."
        where product_id = '". (int)$this->data['id'] ."';"
      );
      ]]></add>
    </operation>
  </file>

  <file name="includes/library/lib_cart.inc.php">
    <operation error="log">
      <search position="before"><![CDATA[
        'price' => (!empty($product->campaign) && $product->campaign['price'] > 0) ? $product->campaign['price'] : $product->price,
      ]]></search>
      <add><![CDATA[
        'unit_price' => (!empty($product->campaign) && $product->campaign['price'] > 0) ? $product->campaign['price'] : $product->price,
      ]]></add>
    </operation>

    <operation error="log">
      <search position="before" index="1"><![CDATA[
      if (settings::get('round_amounts')) {
      ]]></search>
      <add><![CDATA[
      $product_quantity_prices_query = database::query(
        "select * from ". DB_TABLE_PRODUCTS_QUANTITY_PRICES ."
        where product_id = ". (int)$item['product_id'] ."
        and quantity <= ". (float)$item['quantity'] ."
        order by quantity desc
        limit 1;"
      );
      $product_quantity_price = database::fetch($product_quantity_prices_query);

      if (!empty($product_quantity_price[settings::get('store_currency_code')]) && $product_quantity_price[settings::get('store_currency_code')] != 0) {
        if (!empty($product_quantity_price[currency::$selected['code']]) && $product_quantity_price[currency::$selected['code']] != 0) {
          $item['price'] = $product_quantity_price[currency::$selected['code']];
        } else {
          $item['price'] = $product_quantity_price[settings::get('store_currency_code')];
        }

        $item['price'] += $item['extras'];
        $item['tax'] = tax::get_tax($item['price'], $item['tax_class_id']);
      }
      ]]></add>
    </operation>

    <operation error="log">
      <search position="before" index="2"><![CDATA[
      if (settings::get('round_amounts')) {
      ]]></search>
      <add><![CDATA[
      $product_quantity_prices_query = database::query(
        "select * from ". DB_TABLE_PRODUCTS_QUANTITY_PRICES ."
        where product_id = ". (int)self::$items[$item_key]['product_id'] ."
        and quantity <= ". (float)self::$items[$item_key]['quantity'] ."
        order by quantity desc
        limit 1;"
      );
      $product_quantity_price = database::fetch($product_quantity_prices_query);

      if (!empty($product_quantity_price)) {
        if (!empty($product_quantity_price[settings::get('store_currency_code')]) && $product_quantity_price[settings::get('store_currency_code')] != 0) {
          if (!empty($product_quantity_price[currency::$selected['code']]) && $product_quantity_price[currency::$selected['code']] != 0) {
            self::$items[$item_key]['price'] = $product_quantity_price[currency::$selected['code']];
          } else {
            self::$items[$item_key]['price'] = $product_quantity_price[settings::get('store_currency_code')];
          }
          self::$items[$item_key]['price'] += self::$items[$item_key]['extras'];
          self::$items[$item_key]['tax'] = tax::get_tax(self::$items[$item_key]['price'], self::$items[$item_key]['tax_class_id']);
        }
      } else {
        self::$items[$item_key]['price'] = self::$items[$item_key]['unit_price'];
        self::$items[$item_key]['price'] += self::$items[$item_key]['extras'];
        self::$items[$item_key]['tax'] = tax::get_tax(self::$items[$item_key]['price'], self::$items[$item_key]['tax_class_id']);
      }
      ]]></add>
    </operation>
  </file>

  <file name="includes/references/ref_product.inc.php">
    <operation error="log">
      <search position="before"><![CDATA[
        case 'sold_out_status':
      ]]></search>
      <add><![CDATA[
        case 'quantity_prices':

          $this->_data['quantity_prices'] = array();

          $product_quantity_prices_query = database::query(
            "select * from ". DB_TABLE_PRODUCTS_QUANTITY_PRICES ."
            where product_id = ". (int)$this->_id ."
            order by quantity asc;"
          );
          while ($product_quantity_price = database::fetch($product_quantity_prices_query)) {
            if (!empty($product_quantity_price[$this->_currency_code]) && $product_quantity_price[$this->_currency_code] != 0) {
              $this->_data['quantity_prices'][$product_quantity_price['quantity']] = currency::convert($product_quantity_price[$this->_currency_code], $this->_currency_code, settings::get('store_currency_code'));
            } else {
              $this->_data['quantity_prices'][$product_quantity_price['quantity']] = $product_quantity_price[settings::get('store_currency_code')];
            }
          }

          break;
      ]]></add>
    </operation>
  </file>

  <file name="includes/functions/func_draw.inc.php">
    <operation error="log">
      <search position="after"><![CDATA[
      'campaign_price' => (float)$product['campaign_price'] ? tax::get_price($product['campaign_price'], $product['tax_class_id']) : null,
      ]]></search>
      <add><![CDATA[
      'quantity_price' => reference::product($product['id'])->quantity_prices ? tax::get_price($qty_price=end(reference::product($product['id'])->quantity_prices), $product['tax_class_id']) : null,
      ]]></add>
    </operation>
  </file>

  <file name="includes/templates/*.catalog/views/listing_product.inc.php">
    <operation error="log">
      <search position="replace" offset="6"><![CDATA[
      <div class="price-wrapper">
      ]]></search>
      <add><![CDATA[
      <div class="price-wrapper">
        <?php if (!empty($quantity_price)) { ?>
        <span class="regular-price"><?php echo currency::format($quantity_price); ?> - <?php echo currency::format($regular_price); ?></span>
        <?php } else if ($campaign_price) { ?>
        <del class="regular-price"><?php echo currency::format($regular_price); ?></del> <strong class="campaign-price"><?php echo currency::format($campaign_price); ?></strong>
        <?php } else { ?>
        <span class="price"><?php echo currency::format($regular_price); ?></span>
        <?php } ?>
      </div>
      ]]></add>
    </operation>
  </file>

  <file name="pages/product.inc.php">
    <operation error="log">
      <search position="before"><![CDATA[
// Tax
      ]]></search>
      <add><![CDATA[
// Quantity Prices
  $_page->snippets['quantity_prices'] = array();
  foreach($product->quantity_prices as $qty => $price) {
    $_page->snippets['quantity_prices'][] = array(
      'quantity' => (float)$qty,
      'price' => tax::get_price($price, $product->tax_class_id),
    );
  }
      ]]></add>
    </operation>
  </file>

  <file name="includes/templates/*.catalog/views/box_product.inc.php">
    <operation error="log">
      <search position="replace" offset="19"><![CDATA[
        <div class="price-wrapper">
      ]]></search>
      <add><![CDATA[
      
<style>
#box-product .quantity-prices {
  font-size: 18px;
  font-weight: bold;
  background-image: url("/images/transparent.png");
}
#box-product .quantity-prices {
  background-image: url("/images/transparent.png");
  border-collapse: separate;
  border-collapse: collapse;
  width: 25%;
}
#box-product .quantity-prices td, #box-product .quantity-prices th {
  padding: 3px 5px;
  cursor: pointer;
  
  
  width: 35%;
}
</style>

    <?php if ((!empty($quantity_prices)) && (empty(customer::$data['code'] == 1)) && (!empty(customer::$data['id'])) && (reference::product($product_id)->date_valid_to > date('Y-m-d H:i:s')))   { ?> 
      <div class="price-wrapper">
        <table class="quantity-prices table table-striped data-table">
          <thead>
            <tr>
              <th><?php echo language::translate('title_qty', 'Qty'); ?></th>
              <th><?php echo language::translate('title_unit_price', 'Per /pcs'); ?></th>
            <tr>
          </thead>
          <tbody>
            <tr data-quantity="1" data-price="<?php echo $campaign_price ? $campaign_price : $regular_price; ?>" data-tax="<?php echo $campaign_price ? currency::format_raw(tax::get_tax($campaign_price, $tax_class_id)) : currency::format_raw(tax::get_tax($regular_price, $tax_class_id)); ?>" data-tax-formatted="<?php echo $campaign_price ? currency::format(tax::get_tax($campaign_price, $tax_class_id)) : currency::format(tax::get_tax($regular_price, $tax_class_id)); ?>">
              <td>1 pcs </td>
              <td>
                : <?php if ($campaign_price) { ?>
                <del class="regular-price"><?php echo $regular_price; ?></del> <strong class="campaign-price"><?php echo currency::format($campaign_price); ?></strong>
                <?php } else { ?>
                <span class="price"><?php echo currency::format($regular_price); ?></span>
                <?php } ?>
              </td>
            <tr>
            <?php foreach ($quantity_prices as $quantity_price) { ?>
            <tr data-quantity="<?php echo $quantity_price['quantity']; ?>" data-price="<?php echo currency::format_raw($quantity_price['price']); ?>" data-tax="<?php echo currency::format_raw(tax::get_tax($quantity_price['price'], $tax_class_id)); ?>" data-tax-formatted="<?php echo currency::format(tax::get_tax($quantity_price['price'], $tax_class_id)); ?>">
              <td><?php echo $quantity_price['quantity']; ?> pcs </td>
              <td>: <?php echo currency::format($quantity_price['price']); ?></td>
            <tr>
            <?php } ?>
          </tbody>
        </table>
      </div>

<script>
  $(document).ready(function(){
  $('#box-product .price-wrapper tbody tr').click(function(){
    $('input[name="quantity"]').val($(this).data('quantity')).trigger('change');
  });

  $('#box-product').on('keyup change', 'input[name="quantity"]', function(){
    var quantity = $(this).val();
    $('#box-product .price-wrapper tbody tr').css('background', '#ffffff00').css('color', 'inherit');
    $($('#box-product .price-wrapper tbody tr').get().reverse()).each(function(i, row){
    console.log($(row).data('quantity'), quantity);
      if ($(row).data('quantity') <= quantity) {
        $(row).css('background', '#ffffff00').css('color', '#c91c17');
        $('#box-product .tax .amount-formatted').text($(row).data('tax-formatted') + " ("+ Math.round($(row).data('tax')/$(row).data('price')*100) +" %)");
        return false;
      }
    });
  });

  $('input[name="quantity"]').trigger('change');
  });
</script>
      <?php } else { ?>
            <div class="price-wrapper2">
            <?php if (!empty($campaign_price) && (empty(reference::product($product_id)->signin))) { ?> 
            <del class="regular-price2"><?php echo currency::format($regular_price); ?></del> <strong class="campaign-price2"><?php echo currency::format($campaign_price); ?></strong>
            <?php } else { ?>
            <?php if (empty(customer::$data['id']) && (!empty($campaign_price) || (!empty(reference::product($product_id)->signin)))) { ?> 
            <br />
            <span style="font-size: medium;">
            <a href="<?php echo document::href_link('login', array('redirect_url' => document::link())); ?>"><?php echo language::translate('text_Kindly_sign_in_to_see_price_&_picture_/_order_this_item', 'Kindly sign in to see price & picture / order this item'); ?></span></a>
            <br />
            <br />
            <?php } else if (customer::$data['code'] == 1) { ?>
            <span class="price"><?php echo currency::format($regular_price); ?></span>
            <?php } else if ($campaign_price) { ?>
            <del class="regular-price2"><?php echo currency::format($regular_price); ?></del> <strong class="campaign-price2"><?php echo currency::format($campaign_price); ?></strong>
            <?php } else { ?>
            <span class="price"><?php echo currency::format($regular_price); ?></span>
            <?php } ?>            
            <?php } ?>
            </div>
      <?php } ?> 
      ]]></add>
    </operation>


   </file>   
   
    	<file name="includes/templates/*.catalog/views/box_product.inc.php">
		<operation error="log">
			<search position="before"><![CDATA[
      <?php if (!$catalog_only_mode) { ?>
      	]]></search>
			<add><![CDATA[
		<?php if ((!empty($quantity_prices)) && (empty(customer::$data['code'] == 1)) && (!empty(customer::$data['id'])) && (reference::product($product_id)->date_valid_to >= date('Y-m-d H:i:s')))   { ?> 
		<div>
		<div style="margin:0 0 1em 0; color:red;">
		  <strong> <?php echo language::translate('title_quantity_price_available', 'Quantity price available for this product '); ?> </strong>
		  </div>  
		<?php } ?>

      	]]></add>
		</operation>
  </file>
</modification>